id,question,options,answer,level,subIndex,isPremium,blockId,createdAt,updatedAt
B01-E1,Order the code for BLOCK-01 (ENTRY):,"{""def __init__(self):"", ""self.name = name"", ""class Jenga:""}","{2, 0, 1}",ENTRY,1,False,BLOCK-01,2026-03-30T16:13:33.168916,2026-03-30T16:13:33.168916
B01-E2,Order the code for BLOCK-01 (ENTRY):,"{""def __init__(self):"", ""self.name = name"", ""class Jenga:""}","{2, 0, 1}",ENTRY,2,False,BLOCK-01,2026-03-30T16:13:33.168916,2026-03-30T16:13:33.168916
B01-M1,Order the code for BLOCK-01 (JUNIOR):,"{""def __init__(self):"", ""self.name = name"", ""class Jenga:""}","{2, 0, 1}",JUNIOR,1,True,BLOCK-01,2026-03-30T16:13:33.168916,2026-03-30T16:13:33.168916
B01-M2,Order the code for BLOCK-01 (JUNIOR):,"{""def __init__(self):"", ""self.name = name"", ""class Jenga:""}","{2, 0, 1}",JUNIOR,2,True,BLOCK-01,2026-03-30T16:13:33.168916,2026-03-30T16:13:33.168916
B01-S1,Order the code for BLOCK-01 (SENIOR):,"{""def __init__(self):"", ""self.name = name"", ""class Jenga:""}","{2, 0, 1}",SENIOR,1,True,BLOCK-01,2026-03-30T16:13:33.168916,2026-03-30T16:13:33.168916
B01-S2,Order the code for BLOCK-01 (SENIOR):,"{""def __init__(self):"", ""self.name = name"", ""class Jenga:""}","{2, 0, 1}",SENIOR,2,True,BLOCK-01,2026-03-30T16:13:33.168916,2026-03-30T16:13:33.168916
B02-E1,Order the code for BLOCK-02 (ENTRY):,"{""def __init__(self):"", ""self.name = name"", ""class Jenga:""}","{2, 0, 1}",ENTRY,1,False,BLOCK-02,2026-03-30T16:13:33.168916,2026-03-30T16:13:33.168916
B02-E2,Order the code for BLOCK-02 (ENTRY):,"{""def __init__(self):"", ""self.name = name"", ""class Jenga:""}","{2, 0, 1}",ENTRY,2,False,BLOCK-02,2026-03-30T16:13:33.168916,2026-03-30T16:13:33.168916
B02-M1,Order the code for BLOCK-02 (JUNIOR):,"{""def __init__(self):"", ""self.name = name"", ""class Jenga:""}","{2, 0, 1}",JUNIOR,1,True,BLOCK-02,2026-03-30T16:13:33.168916,2026-03-30T16:13:33.168916
B02-M2,Order the code for BLOCK-02 (JUNIOR):,"{""def __init__(self):"", ""self.name = name"", ""class Jenga:""}","{2, 0, 1}",JUNIOR,2,True,BLOCK-02,2026-03-30T16:13:33.168916,2026-03-30T16:13:33.168916
B02-S1,Order the code for BLOCK-02 (SENIOR):,"{""def __init__(self):"", ""self.name = name"", ""class Jenga:""}","{2, 0, 1}",SENIOR,1,True,BLOCK-02,2026-03-30T16:13:33.168916,2026-03-30T16:13:33.168916
B02-S2,Order the code for BLOCK-02 (SENIOR):,"{""def __init__(self):"", ""self.name = name"", ""class Jenga:""}","{2, 0, 1}",SENIOR,2,True,BLOCK-02,2026-03-30T16:13:33.168916,2026-03-30T16:13:33.168916
B03-E1,Order the code for BLOCK-03 (ENTRY):,"{""def __init__(self):"", ""self.name = name"", ""class Jenga:""}","{2, 0, 1}",ENTRY,1,False,BLOCK-03,2026-03-30T16:13:33.168916,2026-03-30T16:13:33.168916
B03-E2,Order the code for BLOCK-03 (ENTRY):,"{""def __init__(self):"", ""self.name = name"", ""class Jenga:""}","{2, 0, 1}",ENTRY,2,False,BLOCK-03,2026-03-30T16:13:33.168916,2026-03-30T16:13:33.168916
B03-M1,Order the code for BLOCK-03 (JUNIOR):,"{""def __init__(self):"", ""self.name = name"", ""class Jenga:""}","{2, 0, 1}",JUNIOR,1,True,BLOCK-03,2026-03-30T16:13:33.168916,2026-03-30T16:13:33.168916
B03-M2,Order the code for BLOCK-03 (JUNIOR):,"{""def __init__(self):"", ""self.name = name"", ""class Jenga:""}","{2, 0, 1}",JUNIOR,2,True,BLOCK-03,2026-03-30T16:13:33.168916,2026-03-30T16:13:33.168916
B03-S1,Order the code for BLOCK-03 (SENIOR):,"{""def __init__(self):"", ""self.name = name"", ""class Jenga:""}","{2, 0, 1}",SENIOR,1,True,BLOCK-03,2026-03-30T16:13:33.168916,2026-03-30T16:13:33.168916
B03-S2,Order the code for BLOCK-03 (SENIOR):,"{""def __init__(self):"", ""self.name = name"", ""class Jenga:""}","{2, 0, 1}",SENIOR,2,True,BLOCK-03,2026-03-30T16:13:33.168916,2026-03-30T16:13:33.168916
B04-E1,Order the code for BLOCK-04 (ENTRY):,"{""def __init__(self):"", ""self.name = name"", ""class Jenga:""}","{2, 0, 1}",ENTRY,1,False,BLOCK-04,2026-03-30T16:13:33.168916,2026-03-30T16:13:33.168916
B04-E2,Order the code for BLOCK-04 (ENTRY):,"{""def __init__(self):"", ""self.name = name"", ""class Jenga:""}","{2, 0, 1}",ENTRY,2,False,BLOCK-04,2026-03-30T16:13:33.168916,2026-03-30T16:13:33.168916
B04-M1,Order the code for BLOCK-04 (JUNIOR):,"{""def __init__(self):"", ""self.name = name"", ""class Jenga:""}","{2, 0, 1}",JUNIOR,1,True,BLOCK-04,2026-03-30T16:13:33.168916,2026-03-30T16:13:33.168916
B04-M2,Order the code for BLOCK-04 (JUNIOR):,"{""def __init__(self):"", ""self.name = name"", ""class Jenga:""}","{2, 0, 1}",JUNIOR,2,True,BLOCK-04,2026-03-30T16:13:33.168916,2026-03-30T16:13:33.168916
B04-S1,Order the code for BLOCK-04 (SENIOR):,"{""def __init__(self):"", ""self.name = name"", ""class Jenga:""}","{2, 0, 1}",SENIOR,1,True,BLOCK-04,2026-03-30T16:13:33.168916,2026-03-30T16:13:33.168916
B04-S2,Order the code for BLOCK-04 (SENIOR):,"{""def __init__(self):"", ""self.name = name"", ""class Jenga:""}","{2, 0, 1}",SENIOR,2,True,BLOCK-04,2026-03-30T16:13:33.168916,2026-03-30T16:13:33.168916
B05-E1,Order the code for BLOCK-05 (ENTRY):,"{""def __init__(self):"", ""self.name = name"", ""class Jenga:""}","{2, 0, 1}",ENTRY,1,False,BLOCK-05,2026-03-30T16:13:33.168916,2026-03-30T16:13:33.168916
B05-E2,Order the code for BLOCK-05 (ENTRY):,"{""def __init__(self):"", ""self.name = name"", ""class Jenga:""}","{2, 0, 1}",ENTRY,2,False,BLOCK-05,2026-03-30T16:13:33.168916,2026-03-30T16:13:33.168916
B05-M1,Order the code for BLOCK-05 (JUNIOR):,"{""def __init__(self):"", ""self.name = name"", ""class Jenga:""}","{2, 0, 1}",JUNIOR,1,True,BLOCK-05,2026-03-30T16:13:33.168916,2026-03-30T16:13:33.168916
B05-M2,Order the code for BLOCK-05 (JUNIOR):,"{""def __init__(self):"", ""self.name = name"", ""class Jenga:""}","{2, 0, 1}",JUNIOR,2,True,BLOCK-05,2026-03-30T16:13:33.168916,2026-03-30T16:13:33.168916
B05-S1,Order the code for BLOCK-05 (SENIOR):,"{""def __init__(self):"", ""self.name = name"", ""class Jenga:""}","{2, 0, 1}",SENIOR,1,True,BLOCK-05,2026-03-30T16:13:33.168916,2026-03-30T16:13:33.168916
B05-S2,Order the code for BLOCK-05 (SENIOR):,"{""def __init__(self):"", ""self.name = name"", ""class Jenga:""}","{2, 0, 1}",SENIOR,2,True,BLOCK-05,2026-03-30T16:13:33.168916,2026-03-30T16:13:33.168916
B06-E1,Order the code for BLOCK-06 (ENTRY):,"{""def __init__(self):"", ""self.name = name"", ""class Jenga:""}","{2, 0, 1}",ENTRY,1,False,BLOCK-06,2026-03-30T16:13:33.168916,2026-03-30T16:13:33.168916
B06-E2,Order the code for BLOCK-06 (ENTRY):,"{""def __init__(self):"", ""self.name = name"", ""class Jenga:""}","{2, 0, 1}",ENTRY,2,False,BLOCK-06,2026-03-30T16:13:33.168916,2026-03-30T16:13:33.168916
B06-M1,Order the code for BLOCK-06 (JUNIOR):,"{""def __init__(self):"", ""self.name = name"", ""class Jenga:""}","{2, 0, 1}",JUNIOR,1,True,BLOCK-06,2026-03-30T16:13:33.168916,2026-03-30T16:13:33.168916
B06-M2,Order the code for BLOCK-06 (JUNIOR):,"{""def __init__(self):"", ""self.name = name"", ""class Jenga:""}","{2, 0, 1}",JUNIOR,2,True,BLOCK-06,2026-03-30T16:13:33.168916,2026-03-30T16:13:33.168916
B06-S1,Order the code for BLOCK-06 (SENIOR):,"{""def __init__(self):"", ""self.name = name"", ""class Jenga:""}","{2, 0, 1}",SENIOR,1,True,BLOCK-06,2026-03-30T16:13:33.168916,2026-03-30T16:13:33.168916
B06-S2,Order the code for BLOCK-06 (SENIOR):,"{""def __init__(self):"", ""self.name = name"", ""class Jenga:""}","{2, 0, 1}",SENIOR,2,True,BLOCK-06,2026-03-30T16:13:33.168916,2026-03-30T16:13:33.168916
B07-E1,Order the code for BLOCK-07 (ENTRY):,"{""def __init__(self):"", ""self.name = name"", ""class Jenga:""}","{2, 0, 1}",ENTRY,1,False,BLOCK-07,2026-03-30T16:13:33.168916,2026-03-30T16:13:33.168916
B07-E2,Order the code for BLOCK-07 (ENTRY):,"{""def __init__(self):"", ""self.name = name"", ""class Jenga:""}","{2, 0, 1}",ENTRY,2,False,BLOCK-07,2026-03-30T16:13:33.168916,2026-03-30T16:13:33.168916
B07-M1,Order the code for BLOCK-07 (JUNIOR):,"{""def __init__(self):"", ""self.name = name"", ""class Jenga:""}","{2, 0, 1}",JUNIOR,1,True,BLOCK-07,2026-03-30T16:13:33.168916,2026-03-30T16:13:33.168916
B07-M2,Order the code for BLOCK-07 (JUNIOR):,"{""def __init__(self):"", ""self.name = name"", ""class Jenga:""}","{2, 0, 1}",JUNIOR,2,True,BLOCK-07,2026-03-30T16:13:33.168916,2026-03-30T16:13:33.168916
B07-S1,Order the code for BLOCK-07 (SENIOR):,"{""def __init__(self):"", ""self.name = name"", ""class Jenga:""}","{2, 0, 1}",SENIOR,1,True,BLOCK-07,2026-03-30T16:13:33.168916,2026-03-30T16:13:33.168916
B07-S2,Order the code for BLOCK-07 (SENIOR):,"{""def __init__(self):"", ""self.name = name"", ""class Jenga:""}","{2, 0, 1}",SENIOR,2,True,BLOCK-07,2026-03-30T16:13:33.168916,2026-03-30T16:13:33.168916
B08-E1,Order the code for BLOCK-08 (ENTRY):,"{""def __init__(self):"", ""self.name = name"", ""class Jenga:""}","{2, 0, 1}",ENTRY,1,False,BLOCK-08,2026-03-30T16:13:33.168916,2026-03-30T16:13:33.168916
B08-E2,Order the code for BLOCK-08 (ENTRY):,"{""def __init__(self):"", ""self.name = name"", ""class Jenga:""}","{2, 0, 1}",ENTRY,2,False,BLOCK-08,2026-03-30T16:13:33.168916,2026-03-30T16:13:33.168916
B08-M1,Order the code for BLOCK-08 (JUNIOR):,"{""def __init__(self):"", ""self.name = name"", ""class Jenga:""}","{2, 0, 1}",JUNIOR,1,True,BLOCK-08,2026-03-30T16:13:33.168916,2026-03-30T16:13:33.168916
B08-M2,Order the code for BLOCK-08 (JUNIOR):,"{""def __init__(self):"", ""self.name = name"", ""class Jenga:""}","{2, 0, 1}",JUNIOR,2,True,BLOCK-08,2026-03-30T16:13:33.168916,2026-03-30T16:13:33.168916
B08-S1,Order the code for BLOCK-08 (SENIOR):,"{""def __init__(self):"", ""self.name = name"", ""class Jenga:""}","{2, 0, 1}",SENIOR,1,True,BLOCK-08,2026-03-30T16:13:33.168916,2026-03-30T16:13:33.168916
B08-S2,Order the code for BLOCK-08 (SENIOR):,"{""def __init__(self):"", ""self.name = name"", ""class Jenga:""}","{2, 0, 1}",SENIOR,2,True,BLOCK-08,2026-03-30T16:13:33.168916,2026-03-30T16:13:33.168916
B09-E1,Order the code for BLOCK-09 (ENTRY):,"{""def __init__(self):"", ""self.name = name"", ""class Jenga:""}","{2, 0, 1}",ENTRY,1,False,BLOCK-09,2026-03-30T16:13:33.168916,2026-03-30T16:13:33.168916
B09-E2,Order the code for BLOCK-09 (ENTRY):,"{""def __init__(self):"", ""self.name = name"", ""class Jenga:""}","{2, 0, 1}",ENTRY,2,False,BLOCK-09,2026-03-30T16:13:33.168916,2026-03-30T16:13:33.168916
B09-M1,Order the code for BLOCK-09 (JUNIOR):,"{""def __init__(self):"", ""self.name = name"", ""class Jenga:""}","{2, 0, 1}",JUNIOR,1,True,BLOCK-09,2026-03-30T16:13:33.168916,2026-03-30T16:13:33.168916
B09-M2,Order the code for BLOCK-09 (JUNIOR):,"{""def __init__(self):"", ""self.name = name"", ""class Jenga:""}","{2, 0, 1}",JUNIOR,2,True,BLOCK-09,2026-03-30T16:13:33.168916,2026-03-30T16:13:33.168916
B09-S1,Order the code for BLOCK-09 (SENIOR):,"{""def __init__(self):"", ""self.name = name"", ""class Jenga:""}","{2, 0, 1}",SENIOR,1,True,BLOCK-09,2026-03-30T16:13:33.168916,2026-03-30T16:13:33.168916
B09-S2,Order the code for BLOCK-09 (SENIOR):,"{""def __init__(self):"", ""self.name = name"", ""class Jenga:""}","{2, 0, 1}",SENIOR,2,True,BLOCK-09,2026-03-30T16:13:33.168916,2026-03-30T16:13:33.168916
B10-E1,Order the code for BLOCK-10 (ENTRY):,"{""def __init__(self):"", ""self.name = name"", ""class Jenga:""}","{2, 0, 1}",ENTRY,1,False,BLOCK-10,2026-03-30T16:13:33.168916,2026-03-30T16:13:33.168916
B10-E2,Order the code for BLOCK-10 (ENTRY):,"{""def __init__(self):"", ""self.name = name"", ""class Jenga:""}","{2, 0, 1}",ENTRY,2,False,BLOCK-10,2026-03-30T16:13:33.168916,2026-03-30T16:13:33.168916
B10-M1,Order the code for BLOCK-10 (JUNIOR):,"{""def __init__(self):"", ""self.name = name"", ""class Jenga:""}","{2, 0, 1}",JUNIOR,1,True,BLOCK-10,2026-03-30T16:13:33.168916,2026-03-30T16:13:33.168916
B10-M2,Order the code for BLOCK-10 (JUNIOR):,"{""def __init__(self):"", ""self.name = name"", ""class Jenga:""}","{2, 0, 1}",JUNIOR,2,True,BLOCK-10,2026-03-30T16:13:33.168916,2026-03-30T16:13:33.168916
B10-S1,Order the code for BLOCK-10 (SENIOR):,"{""def __init__(self):"", ""self.name = name"", ""class Jenga:""}","{2, 0, 1}",SENIOR,1,True,BLOCK-10,2026-03-30T16:13:33.168916,2026-03-30T16:13:33.168916
B10-S2,Order the code for BLOCK-10 (SENIOR):,"{""def __init__(self):"", ""self.name = name"", ""class Jenga:""}","{2, 0, 1}",SENIOR,2,True,BLOCK-10,2026-03-30T16:13:33.168916,2026-03-30T16:13:33.168916
B11-E1,Order the code for BLOCK-11 (ENTRY):,"{""def __init__(self):"", ""self.name = name"", ""class Jenga:""}","{2, 0, 1}",ENTRY,1,False,BLOCK-11,2026-03-30T16:13:33.168916,2026-03-30T16:13:33.168916
B11-E2,Order the code for BLOCK-11 (ENTRY):,"{""def __init__(self):"", ""self.name = name"", ""class Jenga:""}","{2, 0, 1}",ENTRY,2,False,BLOCK-11,2026-03-30T16:13:33.168916,2026-03-30T16:13:33.168916
B11-M1,Order the code for BLOCK-11 (JUNIOR):,"{""def __init__(self):"", ""self.name = name"", ""class Jenga:""}","{2, 0, 1}",JUNIOR,1,True,BLOCK-11,2026-03-30T16:13:33.168916,2026-03-30T16:13:33.168916
B11-M2,Order the code for BLOCK-11 (JUNIOR):,"{""def __init__(self):"", ""self.name = name"", ""class Jenga:""}","{2, 0, 1}",JUNIOR,2,True,BLOCK-11,2026-03-30T16:13:33.168916,2026-03-30T16:13:33.168916
B11-S1,Order the code for BLOCK-11 (SENIOR):,"{""def __init__(self):"", ""self.name = name"", ""class Jenga:""}","{2, 0, 1}",SENIOR,1,True,BLOCK-11,2026-03-30T16:13:33.168916,2026-03-30T16:13:33.168916
B11-S2,Order the code for BLOCK-11 (SENIOR):,"{""def __init__(self):"", ""self.name = name"", ""class Jenga:""}","{2, 0, 1}",SENIOR,2,True,BLOCK-11,2026-03-30T16:13:33.168916,2026-03-30T16:13:33.168916
B12-E1,Order the code for BLOCK-12 (ENTRY):,"{""def __init__(self):"", ""self.name = name"", ""class Jenga:""}","{2, 0, 1}",ENTRY,1,False,BLOCK-12,2026-03-30T16:13:33.168916,2026-03-30T16:13:33.168916
B12-E2,Order the code for BLOCK-12 (ENTRY):,"{""def __init__(self):"", ""self.name = name"", ""class Jenga:""}","{2, 0, 1}",ENTRY,2,False,BLOCK-12,2026-03-30T16:13:33.168916,2026-03-30T16:13:33.168916
B12-M1,Order the code for BLOCK-12 (JUNIOR):,"{""def __init__(self):"", ""self.name = name"", ""class Jenga:""}","{2, 0, 1}",JUNIOR,1,True,BLOCK-12,2026-03-30T16:13:33.168916,2026-03-30T16:13:33.168916
B12-M2,Order the code for BLOCK-12 (JUNIOR):,"{""def __init__(self):"", ""self.name = name"", ""class Jenga:""}","{2, 0, 1}",JUNIOR,2,True,BLOCK-12,2026-03-30T16:13:33.168916,2026-03-30T16:13:33.168916
B12-S1,Order the code for BLOCK-12 (SENIOR):,"{""def __init__(self):"", ""self.name = name"", ""class Jenga:""}","{2, 0, 1}",SENIOR,1,True,BLOCK-12,2026-03-30T16:13:33.168916,2026-03-30T16:13:33.168916
B12-S2,Order the code for BLOCK-12 (SENIOR):,"{""def __init__(self):"", ""self.name = name"", ""class Jenga:""}","{2, 0, 1}",SENIOR,2,True,BLOCK-12,2026-03-30T16:13:33.168916,2026-03-30T16:13:33.168916
B13-E1,Order the code for BLOCK-13 (ENTRY):,"{""def __init__(self):"", ""self.name = name"", ""class Jenga:""}","{2, 0, 1}",ENTRY,1,False,BLOCK-13,2026-03-30T16:13:33.168916,2026-03-30T16:13:33.168916
B13-E2,Order the code for BLOCK-13 (ENTRY):,"{""def __init__(self):"", ""self.name = name"", ""class Jenga:""}","{2, 0, 1}",ENTRY,2,False,BLOCK-13,2026-03-30T16:13:33.168916,2026-03-30T16:13:33.168916
B13-M1,Order the code for BLOCK-13 (JUNIOR):,"{""def __init__(self):"", ""self.name = name"", ""class Jenga:""}","{2, 0, 1}",JUNIOR,1,True,BLOCK-13,2026-03-30T16:13:33.168916,2026-03-30T16:13:33.168916
B13-M2,Order the code for BLOCK-13 (JUNIOR):,"{""def __init__(self):"", ""self.name = name"", ""class Jenga:""}","{2, 0, 1}",JUNIOR,2,True,BLOCK-13,2026-03-30T16:13:33.168916,2026-03-30T16:13:33.168916
B13-S1,Order the code for BLOCK-13 (SENIOR):,"{""def __init__(self):"", ""self.name = name"", ""class Jenga:""}","{2, 0, 1}",SENIOR,1,True,BLOCK-13,2026-03-30T16:13:33.168916,2026-03-30T16:13:33.168916
B13-S2,Order the code for BLOCK-13 (SENIOR):,"{""def __init__(self):"", ""self.name = name"", ""class Jenga:""}","{2, 0, 1}",SENIOR,2,True,BLOCK-13,2026-03-30T16:13:33.168916,2026-03-30T16:13:33.168916
B14-E1,Order the code for BLOCK-14 (ENTRY):,"{""def __init__(self):"", ""self.name = name"", ""class Jenga:""}","{2, 0, 1}",ENTRY,1,False,BLOCK-14,2026-03-30T16:13:33.168916,2026-03-30T16:13:33.168916
B14-E2,Order the code for BLOCK-14 (ENTRY):,"{""def __init__(self):"", ""self.name = name"", ""class Jenga:""}","{2, 0, 1}",ENTRY,2,False,BLOCK-14,2026-03-30T16:13:33.168916,2026-03-30T16:13:33.168916
B14-M1,Order the code for BLOCK-14 (JUNIOR):,"{""def __init__(self):"", ""self.name = name"", ""class Jenga:""}","{2, 0, 1}",JUNIOR,1,True,BLOCK-14,2026-03-30T16:13:33.168916,2026-03-30T16:13:33.168916
B14-M2,Order the code for BLOCK-14 (JUNIOR):,"{""def __init__(self):"", ""self.name = name"", ""class Jenga:""}","{2, 0, 1}",JUNIOR,2,True,BLOCK-14,2026-03-30T16:13:33.168916,2026-03-30T16:13:33.168916
B14-S1,Order the code for BLOCK-14 (SENIOR):,"{""def __init__(self):"", ""self.name = name"", ""class Jenga:""}","{2, 0, 1}",SENIOR,1,True,BLOCK-14,2026-03-30T16:13:33.168916,2026-03-30T16:13:33.168916
B14-S2,Order the code for BLOCK-14 (SENIOR):,"{""def __init__(self):"", ""self.name = name"", ""class Jenga:""}","{2, 0, 1}",SENIOR,2,True,BLOCK-14,2026-03-30T16:13:33.168916,2026-03-30T16:13:33.168916
B15-E1,Order the code for BLOCK-15 (ENTRY):,"{""def __init__(self):"", ""self.name = name"", ""class Jenga:""}","{2, 0, 1}",ENTRY,1,False,BLOCK-15,2026-03-30T16:13:33.168916,2026-03-30T16:13:33.168916
B15-E2,Order the code for BLOCK-15 (ENTRY):,"{""def __init__(self):"", ""self.name = name"", ""class Jenga:""}","{2, 0, 1}",ENTRY,2,False,BLOCK-15,2026-03-30T16:13:33.168916,2026-03-30T16:13:33.168916
B15-M1,Order the code for BLOCK-15 (JUNIOR):,"{""def __init__(self):"", ""self.name = name"", ""class Jenga:""}","{2, 0, 1}",JUNIOR,1,True,BLOCK-15,2026-03-30T16:13:33.168916,2026-03-30T16:13:33.168916
B15-M2,Order the code for BLOCK-15 (JUNIOR):,"{""def __init__(self):"", ""self.name = name"", ""class Jenga:""}","{2, 0, 1}",JUNIOR,2,True,BLOCK-15,2026-03-30T16:13:33.168916,2026-03-30T16:13:33.168916
B15-S1,Order the code for BLOCK-15 (SENIOR):,"{""def __init__(self):"", ""self.name = name"", ""class Jenga:""}","{2, 0, 1}",SENIOR,1,True,BLOCK-15,2026-03-30T16:13:33.168916,2026-03-30T16:13:33.168916
B15-S2,Order the code for BLOCK-15 (SENIOR):,"{""def __init__(self):"", ""self.name = name"", ""class Jenga:""}","{2, 0, 1}",SENIOR,2,True,BLOCK-15,2026-03-30T16:13:33.168916,2026-03-30T16:13:33.168916
B16-E1,Order the code for BLOCK-16 (ENTRY):,"{""def __init__(self):"", ""self.name = name"", ""class Jenga:""}","{2, 0, 1}",ENTRY,1,False,BLOCK-16,2026-03-30T16:13:33.168916,2026-03-30T16:13:33.168916
B16-E2,Order the code for BLOCK-16 (ENTRY):,"{""def __init__(self):"", ""self.name = name"", ""class Jenga:""}","{2, 0, 1}",ENTRY,2,False,BLOCK-16,2026-03-30T16:13:33.168916,2026-03-30T16:13:33.168916
B16-M1,Order the code for BLOCK-16 (JUNIOR):,"{""def __init__(self):"", ""self.name = name"", ""class Jenga:""}","{2, 0, 1}",JUNIOR,1,True,BLOCK-16,2026-03-30T16:13:33.168916,2026-03-30T16:13:33.168916
B16-M2,Order the code for BLOCK-16 (JUNIOR):,"{""def __init__(self):"", ""self.name = name"", ""class Jenga:""}","{2, 0, 1}",JUNIOR,2,True,BLOCK-16,2026-03-30T16:13:33.168916,2026-03-30T16:13:33.168916
B16-S1,Order the code for BLOCK-16 (SENIOR):,"{""def __init__(self):"", ""self.name = name"", ""class Jenga:""}","{2, 0, 1}",SENIOR,1,True,BLOCK-16,2026-03-30T16:13:33.168916,2026-03-30T16:13:33.168916
B16-S2,Order the code for BLOCK-16 (SENIOR):,"{""def __init__(self):"", ""self.name = name"", ""class Jenga:""}","{2, 0, 1}",SENIOR,2,True,BLOCK-16,2026-03-30T16:13:33.168916,2026-03-30T16:13:33.168916
B17-E1,Order the code for BLOCK-17 (ENTRY):,"{""def __init__(self):"", ""self.name = name"", ""class Jenga:""}","{2, 0, 1}",ENTRY,1,False,BLOCK-17,2026-03-30T16:13:33.168916,2026-03-30T16:13:33.168916
B17-E2,Order the code for BLOCK-17 (ENTRY):,"{""def __init__(self):"", ""self.name = name"", ""class Jenga:""}","{2, 0, 1}",ENTRY,2,False,BLOCK-17,2026-03-30T16:13:33.168916,2026-03-30T16:13:33.168916
B17-M1,Order the code for BLOCK-17 (JUNIOR):,"{""def __init__(self):"", ""self.name = name"", ""class Jenga:""}","{2, 0, 1}",JUNIOR,1,True,BLOCK-17,2026-03-30T16:13:33.168916,2026-03-30T16:13:33.168916
B17-M2,Order the code for BLOCK-17 (JUNIOR):,"{""def __init__(self):"", ""self.name = name"", ""class Jenga:""}","{2, 0, 1}",JUNIOR,2,True,BLOCK-17,2026-03-30T16:13:33.168916,2026-03-30T16:13:33.168916
B17-S1,Order the code for BLOCK-17 (SENIOR):,"{""def __init__(self):"", ""self.name = name"", ""class Jenga:""}","{2, 0, 1}",SENIOR,1,True,BLOCK-17,2026-03-30T16:13:33.168916,2026-03-30T16:13:33.168916
B17-S2,Order the code for BLOCK-17 (SENIOR):,"{""def __init__(self):"", ""self.name = name"", ""class Jenga:""}","{2, 0, 1}",SENIOR,2,True,BLOCK-17,2026-03-30T16:13:33.168916,2026-03-30T16:13:33.168916
B18-E1,Order the code for BLOCK-18 (ENTRY):,"{""def __init__(self):"", ""self.name = name"", ""class Jenga:""}","{2, 0, 1}",ENTRY,1,False,BLOCK-18,2026-03-30T16:13:33.168916,2026-03-30T16:13:33.168916
B18-E2,Order the code for BLOCK-18 (ENTRY):,"{""def __init__(self):"", ""self.name = name"", ""class Jenga:""}","{2, 0, 1}",ENTRY,2,False,BLOCK-18,2026-03-30T16:13:33.168916,2026-03-30T16:13:33.168916
B18-M1,Order the code for BLOCK-18 (JUNIOR):,"{""def __init__(self):"", ""self.name = name"", ""class Jenga:""}","{2, 0, 1}",JUNIOR,1,True,BLOCK-18,2026-03-30T16:13:33.168916,2026-03-30T16:13:33.168916
B18-M2,Order the code for BLOCK-18 (JUNIOR):,"{""def __init__(self):"", ""self.name = name"", ""class Jenga:""}","{2, 0, 1}",JUNIOR,2,True,BLOCK-18,2026-03-30T16:13:33.168916,2026-03-30T16:13:33.168916
B18-S1,Order the code for BLOCK-18 (SENIOR):,"{""def __init__(self):"", ""self.name = name"", ""class Jenga:""}","{2, 0, 1}",SENIOR,1,True,BLOCK-18,2026-03-30T16:13:33.168916,2026-03-30T16:13:33.168916
B18-S2,Order the code for BLOCK-18 (SENIOR):,"{""def __init__(self):"", ""self.name = name"", ""class Jenga:""}","{2, 0, 1}",SENIOR,2,True,BLOCK-18,2026-03-30T16:13:33.168916,2026-03-30T16:13:33.168916
B19-E1,Order the code for BLOCK-19 (ENTRY):,"{""def __init__(self):"", ""self.name = name"", ""class Jenga:""}","{2, 0, 1}",ENTRY,1,False,BLOCK-19,2026-03-30T16:13:33.168916,2026-03-30T16:13:33.168916
B19-E2,Order the code for BLOCK-19 (ENTRY):,"{""def __init__(self):"", ""self.name = name"", ""class Jenga:""}","{2, 0, 1}",ENTRY,2,False,BLOCK-19,2026-03-30T16:13:33.168916,2026-03-30T16:13:33.168916
B19-M1,Order the code for BLOCK-19 (JUNIOR):,"{""def __init__(self):"", ""self.name = name"", ""class Jenga:""}","{2, 0, 1}",JUNIOR,1,True,BLOCK-19,2026-03-30T16:13:33.168916,2026-03-30T16:13:33.168916
B19-M2,Order the code for BLOCK-19 (JUNIOR):,"{""def __init__(self):"", ""self.name = name"", ""class Jenga:""}","{2, 0, 1}",JUNIOR,2,True,BLOCK-19,2026-03-30T16:13:33.168916,2026-03-30T16:13:33.168916
B19-S1,Order the code for BLOCK-19 (SENIOR):,"{""def __init__(self):"", ""self.name = name"", ""class Jenga:""}","{2, 0, 1}",SENIOR,1,True,BLOCK-19,2026-03-30T16:13:33.168916,2026-03-30T16:13:33.168916
B19-S2,Order the code for BLOCK-19 (SENIOR):,"{""def __init__(self):"", ""self.name = name"", ""class Jenga:""}","{2, 0, 1}",SENIOR,2,True,BLOCK-19,2026-03-30T16:13:33.168916,2026-03-30T16:13:33.168916
B20-E1,Order the code for BLOCK-20 (ENTRY):,"{""def __init__(self):"", ""self.name = name"", ""class Jenga:""}","{2, 0, 1}",ENTRY,1,False,BLOCK-20,2026-03-30T16:13:33.168916,2026-03-30T16:13:33.168916
B20-E2,Order the code for BLOCK-20 (ENTRY):,"{""def __init__(self):"", ""self.name = name"", ""class Jenga:""}","{2, 0, 1}",ENTRY,2,False,BLOCK-20,2026-03-30T16:13:33.168916,2026-03-30T16:13:33.168916
B20-M1,Order the code for BLOCK-20 (JUNIOR):,"{""def __init__(self):"", ""self.name = name"", ""class Jenga:""}","{2, 0, 1}",JUNIOR,1,True,BLOCK-20,2026-03-30T16:13:33.168916,2026-03-30T16:13:33.168916
B20-M2,Order the code for BLOCK-20 (JUNIOR):,"{""def __init__(self):"", ""self.name = name"", ""class Jenga:""}","{2, 0, 1}",JUNIOR,2,True,BLOCK-20,2026-03-30T16:13:33.168916,2026-03-30T16:13:33.168916
B20-S1,Order the code for BLOCK-20 (SENIOR):,"{""def __init__(self):"", ""self.name = name"", ""class Jenga:""}","{2, 0, 1}",SENIOR,1,True,BLOCK-20,2026-03-30T16:13:33.168916,2026-03-30T16:13:33.168916
B20-S2,Order the code for BLOCK-20 (SENIOR):,"{""def __init__(self):"", ""self.name = name"", ""class Jenga:""}","{2, 0, 1}",SENIOR,2,True,BLOCK-20,2026-03-30T16:13:33.168916,2026-03-30T16:13:33.168916
B21-E1,Order the code for BLOCK-21 (ENTRY):,"{""def __init__(self):"", ""self.name = name"", ""class Jenga:""}","{2, 0, 1}",ENTRY,1,False,BLOCK-21,2026-03-30T16:13:33.168916,2026-03-30T16:13:33.168916
B21-E2,Order the code for BLOCK-21 (ENTRY):,"{""def __init__(self):"", ""self.name = name"", ""class Jenga:""}","{2, 0, 1}",ENTRY,2,False,BLOCK-21,2026-03-30T16:13:33.168916,2026-03-30T16:13:33.168916
B21-M1,Order the code for BLOCK-21 (JUNIOR):,"{""def __init__(self):"", ""self.name = name"", ""class Jenga:""}","{2, 0, 1}",JUNIOR,1,True,BLOCK-21,2026-03-30T16:13:33.168916,2026-03-30T16:13:33.168916
B21-M2,Order the code for BLOCK-21 (JUNIOR):,"{""def __init__(self):"", ""self.name = name"", ""class Jenga:""}","{2, 0, 1}",JUNIOR,2,True,BLOCK-21,2026-03-30T16:13:33.168916,2026-03-30T16:13:33.168916
B21-S1,Order the code for BLOCK-21 (SENIOR):,"{""def __init__(self):"", ""self.name = name"", ""class Jenga:""}","{2, 0, 1}",SENIOR,1,True,BLOCK-21,2026-03-30T16:13:33.168916,2026-03-30T16:13:33.168916
B21-S2,Order the code for BLOCK-21 (SENIOR):,"{""def __init__(self):"", ""self.name = name"", ""class Jenga:""}","{2, 0, 1}",SENIOR,2,True,BLOCK-21,2026-03-30T16:13:33.168916,2026-03-30T16:13:33.168916
B22-E1,Order the code for BLOCK-22 (ENTRY):,"{""def __init__(self):"", ""self.name = name"", ""class Jenga:""}","{2, 0, 1}",ENTRY,1,False,BLOCK-22,2026-03-30T16:13:33.168916,2026-03-30T16:13:33.168916
B22-E2,Order the code for BLOCK-22 (ENTRY):,"{""def __init__(self):"", ""self.name = name"", ""class Jenga:""}","{2, 0, 1}",ENTRY,2,False,BLOCK-22,2026-03-30T16:13:33.168916,2026-03-30T16:13:33.168916
B22-M1,Order the code for BLOCK-22 (JUNIOR):,"{""def __init__(self):"", ""self.name = name"", ""class Jenga:""}","{2, 0, 1}",JUNIOR,1,True,BLOCK-22,2026-03-30T16:13:33.168916,2026-03-30T16:13:33.168916
B22-M2,Order the code for BLOCK-22 (JUNIOR):,"{""def __init__(self):"", ""self.name = name"", ""class Jenga:""}","{2, 0, 1}",JUNIOR,2,True,BLOCK-22,2026-03-30T16:13:33.168916,2026-03-30T16:13:33.168916
B22-S1,Order the code for BLOCK-22 (SENIOR):,"{""def __init__(self):"", ""self.name = name"", ""class Jenga:""}","{2, 0, 1}",SENIOR,1,True,BLOCK-22,2026-03-30T16:13:33.168916,2026-03-30T16:13:33.168916
B22-S2,Order the code for BLOCK-22 (SENIOR):,"{""def __init__(self):"", ""self.name = name"", ""class Jenga:""}","{2, 0, 1}",SENIOR,2,True,BLOCK-22,2026-03-30T16:13:33.168916,2026-03-30T16:13:33.168916
B23-E1,Order the code for BLOCK-23 (ENTRY):,"{""def __init__(self):"", ""self.name = name"", ""class Jenga:""}","{2, 0, 1}",ENTRY,1,False,BLOCK-23,2026-03-30T16:13:33.168916,2026-03-30T16:13:33.168916
B23-E2,Order the code for BLOCK-23 (ENTRY):,"{""def __init__(self):"", ""self.name = name"", ""class Jenga:""}","{2, 0, 1}",ENTRY,2,False,BLOCK-23,2026-03-30T16:13:33.168916,2026-03-30T16:13:33.168916
B23-M1,Order the code for BLOCK-23 (JUNIOR):,"{""def __init__(self):"", ""self.name = name"", ""class Jenga:""}","{2, 0, 1}",JUNIOR,1,True,BLOCK-23,2026-03-30T16:13:33.168916,2026-03-30T16:13:33.168916
B23-M2,Order the code for BLOCK-23 (JUNIOR):,"{""def __init__(self):"", ""self.name = name"", ""class Jenga:""}","{2, 0, 1}",JUNIOR,2,True,BLOCK-23,2026-03-30T16:13:33.168916,2026-03-30T16:13:33.168916
B23-S1,Order the code for BLOCK-23 (SENIOR):,"{""def __init__(self):"", ""self.name = name"", ""class Jenga:""}","{2, 0, 1}",SENIOR,1,True,BLOCK-23,2026-03-30T16:13:33.168916,2026-03-30T16:13:33.168916
B23-S2,Order the code for BLOCK-23 (SENIOR):,"{""def __init__(self):"", ""self.name = name"", ""class Jenga:""}","{2, 0, 1}",SENIOR,2,True,BLOCK-23,2026-03-30T16:13:33.168916,2026-03-30T16:13:33.168916
B24-E1,Order the code for BLOCK-24 (ENTRY):,"{""def __init__(self):"", ""self.name = name"", ""class Jenga:""}","{2, 0, 1}",ENTRY,1,False,BLOCK-24,2026-03-30T16:13:33.168916,2026-03-30T16:13:33.168916
B24-E2,Order the code for BLOCK-24 (ENTRY):,"{""def __init__(self):"", ""self.name = name"", ""class Jenga:""}","{2, 0, 1}",ENTRY,2,False,BLOCK-24,2026-03-30T16:13:33.168916,2026-03-30T16:13:33.168916
B24-M1,Order the code for BLOCK-24 (JUNIOR):,"{""def __init__(self):"", ""self.name = name"", ""class Jenga:""}","{2, 0, 1}",JUNIOR,1,True,BLOCK-24,2026-03-30T16:13:33.168916,2026-03-30T16:13:33.168916
B24-M2,Order the code for BLOCK-24 (JUNIOR):,"{""def __init__(self):"", ""self.name = name"", ""class Jenga:""}","{2, 0, 1}",JUNIOR,2,True,BLOCK-24,2026-03-30T16:13:33.168916,2026-03-30T16:13:33.168916
B24-S1,Order the code for BLOCK-24 (SENIOR):,"{""def __init__(self):"", ""self.name = name"", ""class Jenga:""}","{2, 0, 1}",SENIOR,1,True,BLOCK-24,2026-03-30T16:13:33.168916,2026-03-30T16:13:33.168916
B24-S2,Order the code for BLOCK-24 (SENIOR):,"{""def __init__(self):"", ""self.name = name"", ""class Jenga:""}","{2, 0, 1}",SENIOR,2,True,BLOCK-24,2026-03-30T16:13:33.168916,2026-03-30T16:13:33.168916
B25-E1,Order the code for BLOCK-25 (ENTRY):,"{""def __init__(self):"", ""self.name = name"", ""class Jenga:""}","{2, 0, 1}",ENTRY,1,False,BLOCK-25,2026-03-30T16:13:33.168916,2026-03-30T16:13:33.168916
B25-E2,Order the code for BLOCK-25 (ENTRY):,"{""def __init__(self):"", ""self.name = name"", ""class Jenga:""}","{2, 0, 1}",ENTRY,2,False,BLOCK-25,2026-03-30T16:13:33.168916,2026-03-30T16:13:33.168916
B25-M1,Order the code for BLOCK-25 (JUNIOR):,"{""def __init__(self):"", ""self.name = name"", ""class Jenga:""}","{2, 0, 1}",JUNIOR,1,True,BLOCK-25,2026-03-30T16:13:33.168916,2026-03-30T16:13:33.168916
B25-M2,Order the code for BLOCK-25 (JUNIOR):,"{""def __init__(self):"", ""self.name = name"", ""class Jenga:""}","{2, 0, 1}",JUNIOR,2,True,BLOCK-25,2026-03-30T16:13:33.168916,2026-03-30T16:13:33.168916
B25-S1,Order the code for BLOCK-25 (SENIOR):,"{""def __init__(self):"", ""self.name = name"", ""class Jenga:""}","{2, 0, 1}",SENIOR,1,True,BLOCK-25,2026-03-30T16:13:33.168916,2026-03-30T16:13:33.168916
B25-S2,Order the code for BLOCK-25 (SENIOR):,"{""def __init__(self):"", ""self.name = name"", ""class Jenga:""}","{2, 0, 1}",SENIOR,2,True,BLOCK-25,2026-03-30T16:13:33.168916,2026-03-30T16:13:33.168916
B26-E1,Order the code for BLOCK-26 (ENTRY):,"{""def __init__(self):"", ""self.name = name"", ""class Jenga:""}","{2, 0, 1}",ENTRY,1,False,BLOCK-26,2026-03-30T16:13:33.168916,2026-03-30T16:13:33.168916
B26-E2,Order the code for BLOCK-26 (ENTRY):,"{""def __init__(self):"", ""self.name = name"", ""class Jenga:""}","{2, 0, 1}",ENTRY,2,False,BLOCK-26,2026-03-30T16:13:33.168916,2026-03-30T16:13:33.168916
B26-M1,Order the code for BLOCK-26 (JUNIOR):,"{""def __init__(self):"", ""self.name = name"", ""class Jenga:""}","{2, 0, 1}",JUNIOR,1,True,BLOCK-26,2026-03-30T16:13:33.168916,2026-03-30T16:13:33.168916
B26-M2,Order the code for BLOCK-26 (JUNIOR):,"{""def __init__(self):"", ""self.name = name"", ""class Jenga:""}","{2, 0, 1}",JUNIOR,2,True,BLOCK-26,2026-03-30T16:13:33.168916,2026-03-30T16:13:33.168916
B26-S1,Order the code for BLOCK-26 (SENIOR):,"{""def __init__(self):"", ""self.name = name"", ""class Jenga:""}","{2, 0, 1}",SENIOR,1,True,BLOCK-26,2026-03-30T16:13:33.168916,2026-03-30T16:13:33.168916
B26-S2,Order the code for BLOCK-26 (SENIOR):,"{""def __init__(self):"", ""self.name = name"", ""class Jenga:""}","{2, 0, 1}",SENIOR,2,True,BLOCK-26,2026-03-30T16:13:33.168916,2026-03-30T16:13:33.168916
B27-E1,Order the code for BLOCK-27 (ENTRY):,"{""def __init__(self):"", ""self.name = name"", ""class Jenga:""}","{2, 0, 1}",ENTRY,1,False,BLOCK-27,2026-03-30T16:13:33.168916,2026-03-30T16:13:33.168916
B27-E2,Order the code for BLOCK-27 (ENTRY):,"{""def __init__(self):"", ""self.name = name"", ""class Jenga:""}","{2, 0, 1}",ENTRY,2,False,BLOCK-27,2026-03-30T16:13:33.168916,2026-03-30T16:13:33.168916
B27-M1,Order the code for BLOCK-27 (JUNIOR):,"{""def __init__(self):"", ""self.name = name"", ""class Jenga:""}","{2, 0, 1}",JUNIOR,1,True,BLOCK-27,2026-03-30T16:13:33.168916,2026-03-30T16:13:33.168916
B27-M2,Order the code for BLOCK-27 (JUNIOR):,"{""def __init__(self):"", ""self.name = name"", ""class Jenga:""}","{2, 0, 1}",JUNIOR,2,True,BLOCK-27,2026-03-30T16:13:33.168916,2026-03-30T16:13:33.168916
B27-S1,Order the code for BLOCK-27 (SENIOR):,"{""def __init__(self):"", ""self.name = name"", ""class Jenga:""}","{2, 0, 1}",SENIOR,1,True,BLOCK-27,2026-03-30T16:13:33.168916,2026-03-30T16:13:33.168916
B27-S2,Order the code for BLOCK-27 (SENIOR):,"{""def __init__(self):"", ""self.name = name"", ""class Jenga:""}","{2, 0, 1}",SENIOR,2,True,BLOCK-27,2026-03-30T16:13:33.168916,2026-03-30T16:13:33.168916
B28-E1,Order the code for BLOCK-28 (ENTRY):,"{""def __init__(self):"", ""self.name = name"", ""class Jenga:""}","{2, 0, 1}",ENTRY,1,False,BLOCK-28,2026-03-30T16:13:33.168916,2026-03-30T16:13:33.168916
B28-E2,Order the code for BLOCK-28 (ENTRY):,"{""def __init__(self):"", ""self.name = name"", ""class Jenga:""}","{2, 0, 1}",ENTRY,2,False,BLOCK-28,2026-03-30T16:13:33.168916,2026-03-30T16:13:33.168916
B28-M1,Order the code for BLOCK-28 (JUNIOR):,"{""def __init__(self):"", ""self.name = name"", ""class Jenga:""}","{2, 0, 1}",JUNIOR,1,True,BLOCK-28,2026-03-30T16:13:33.168916,2026-03-30T16:13:33.168916
B28-M2,Order the code for BLOCK-28 (JUNIOR):,"{""def __init__(self):"", ""self.name = name"", ""class Jenga:""}","{2, 0, 1}",JUNIOR,2,True,BLOCK-28,2026-03-30T16:13:33.168916,2026-03-30T16:13:33.168916
B28-S1,Order the code for BLOCK-28 (SENIOR):,"{""def __init__(self):"", ""self.name = name"", ""class Jenga:""}","{2, 0, 1}",SENIOR,1,True,BLOCK-28,2026-03-30T16:13:33.168916,2026-03-30T16:13:33.168916
B28-S2,Order the code for BLOCK-28 (SENIOR):,"{""def __init__(self):"", ""self.name = name"", ""class Jenga:""}","{2, 0, 1}",SENIOR,2,True,BLOCK-28,2026-03-30T16:13:33.168916,2026-03-30T16:13:33.168916
B29-E1,Order the code for BLOCK-29 (ENTRY):,"{""def __init__(self):"", ""self.name = name"", ""class Jenga:""}","{2, 0, 1}",ENTRY,1,False,BLOCK-29,2026-03-30T16:13:33.168916,2026-03-30T16:13:33.168916
B29-E2,Order the code for BLOCK-29 (ENTRY):,"{""def __init__(self):"", ""self.name = name"", ""class Jenga:""}","{2, 0, 1}",ENTRY,2,False,BLOCK-29,2026-03-30T16:13:33.168916,2026-03-30T16:13:33.168916
B29-M1,Order the code for BLOCK-29 (JUNIOR):,"{""def __init__(self):"", ""self.name = name"", ""class Jenga:""}","{2, 0, 1}",JUNIOR,1,True,BLOCK-29,2026-03-30T16:13:33.168916,2026-03-30T16:13:33.168916
B29-M2,Order the code for BLOCK-29 (JUNIOR):,"{""def __init__(self):"", ""self.name = name"", ""class Jenga:""}","{2, 0, 1}",JUNIOR,2,True,BLOCK-29,2026-03-30T16:13:33.168916,2026-03-30T16:13:33.168916
B29-S1,Order the code for BLOCK-29 (SENIOR):,"{""def __init__(self):"", ""self.name = name"", ""class Jenga:""}","{2, 0, 1}",SENIOR,1,True,BLOCK-29,2026-03-30T16:13:33.168916,2026-03-30T16:13:33.168916
B29-S2,Order the code for BLOCK-29 (SENIOR):,"{""def __init__(self):"", ""self.name = name"", ""class Jenga:""}","{2, 0, 1}",SENIOR,2,True,BLOCK-29,2026-03-30T16:13:33.168916,2026-03-30T16:13:33.168916
B30-E1,Order the code for BLOCK-30 (ENTRY):,"{""def __init__(self):"", ""self.name = name"", ""class Jenga:""}","{2, 0, 1}",ENTRY,1,False,BLOCK-30,2026-03-30T16:13:33.168916,2026-03-30T16:13:33.168916
B30-E2,Order the code for BLOCK-30 (ENTRY):,"{""def __init__(self):"", ""self.name = name"", ""class Jenga:""}","{2, 0, 1}",ENTRY,2,False,BLOCK-30,2026-03-30T16:13:33.168916,2026-03-30T16:13:33.168916
B30-M1,Order the code for BLOCK-30 (JUNIOR):,"{""def __init__(self):"", ""self.name = name"", ""class Jenga:""}","{2, 0, 1}",JUNIOR,1,True,BLOCK-30,2026-03-30T16:13:33.168916,2026-03-30T16:13:33.168916
B30-M2,Order the code for BLOCK-30 (JUNIOR):,"{""def __init__(self):"", ""self.name = name"", ""class Jenga:""}","{2, 0, 1}",JUNIOR,2,True,BLOCK-30,2026-03-30T16:13:33.168916,2026-03-30T16:13:33.168916
B30-S1,Order the code for BLOCK-30 (SENIOR):,"{""def __init__(self):"", ""self.name = name"", ""class Jenga:""}","{2, 0, 1}",SENIOR,1,True,BLOCK-30,2026-03-30T16:13:33.168916,2026-03-30T16:13:33.168916
B30-S2,Order the code for BLOCK-30 (SENIOR):,"{""def __init__(self):"", ""self.name = name"", ""class Jenga:""}","{2, 0, 1}",SENIOR,2,True,BLOCK-30,2026-03-30T16:13:33.168916,2026-03-30T16:13:33.168916
B31-E1,Order the code for BLOCK-31 (ENTRY):,"{""def __init__(self):"", ""self.name = name"", ""class Jenga:""}","{2, 0, 1}",ENTRY,1,False,BLOCK-31,2026-03-30T16:13:33.168916,2026-03-30T16:13:33.168916
B31-E2,Order the code for BLOCK-31 (ENTRY):,"{""def __init__(self):"", ""self.name = name"", ""class Jenga:""}","{2, 0, 1}",ENTRY,2,False,BLOCK-31,2026-03-30T16:13:33.168916,2026-03-30T16:13:33.168916
B31-M1,Order the code for BLOCK-31 (JUNIOR):,"{""def __init__(self):"", ""self.name = name"", ""class Jenga:""}","{2, 0, 1}",JUNIOR,1,True,BLOCK-31,2026-03-30T16:13:33.168916,2026-03-30T16:13:33.168916
B31-M2,Order the code for BLOCK-31 (JUNIOR):,"{""def __init__(self):"", ""self.name = name"", ""class Jenga:""}","{2, 0, 1}",JUNIOR,2,True,BLOCK-31,2026-03-30T16:13:33.168916,2026-03-30T16:13:33.168916
B31-S1,Order the code for BLOCK-31 (SENIOR):,"{""def __init__(self):"", ""self.name = name"", ""class Jenga:""}","{2, 0, 1}",SENIOR,1,True,BLOCK-31,2026-03-30T16:13:33.168916,2026-03-30T16:13:33.168916
B31-S2,Order the code for BLOCK-31 (SENIOR):,"{""def __init__(self):"", ""self.name = name"", ""class Jenga:""}","{2, 0, 1}",SENIOR,2,True,BLOCK-31,2026-03-30T16:13:33.168916,2026-03-30T16:13:33.168916
B32-E1,Order the code for BLOCK-32 (ENTRY):,"{""def __init__(self):"", ""self.name = name"", ""class Jenga:""}","{2, 0, 1}",ENTRY,1,False,BLOCK-32,2026-03-30T16:13:33.168916,2026-03-30T16:13:33.168916
B32-E2,Order the code for BLOCK-32 (ENTRY):,"{""def __init__(self):"", ""self.name = name"", ""class Jenga:""}","{2, 0, 1}",ENTRY,2,False,BLOCK-32,2026-03-30T16:13:33.168916,2026-03-30T16:13:33.168916
B32-M1,Order the code for BLOCK-32 (JUNIOR):,"{""def __init__(self):"", ""self.name = name"", ""class Jenga:""}","{2, 0, 1}",JUNIOR,1,True,BLOCK-32,2026-03-30T16:13:33.168916,2026-03-30T16:13:33.168916
B32-M2,Order the code for BLOCK-32 (JUNIOR):,"{""def __init__(self):"", ""self.name = name"", ""class Jenga:""}","{2, 0, 1}",JUNIOR,2,True,BLOCK-32,2026-03-30T16:13:33.168916,2026-03-30T16:13:33.168916
B32-S1,Order the code for BLOCK-32 (SENIOR):,"{""def __init__(self):"", ""self.name = name"", ""class Jenga:""}","{2, 0, 1}",SENIOR,1,True,BLOCK-32,2026-03-30T16:13:33.168916,2026-03-30T16:13:33.168916
B32-S2,Order the code for BLOCK-32 (SENIOR):,"{""def __init__(self):"", ""self.name = name"", ""class Jenga:""}","{2, 0, 1}",SENIOR,2,True,BLOCK-32,2026-03-30T16:13:33.168916,2026-03-30T16:13:33.168916
B33-E1,Order the code for BLOCK-33 (ENTRY):,"{""def __init__(self):"", ""self.name = name"", ""class Jenga:""}","{2, 0, 1}",ENTRY,1,False,BLOCK-33,2026-03-30T16:13:33.168916,2026-03-30T16:13:33.168916
B33-E2,Order the code for BLOCK-33 (ENTRY):,"{""def __init__(self):"", ""self.name = name"", ""class Jenga:""}","{2, 0, 1}",ENTRY,2,False,BLOCK-33,2026-03-30T16:13:33.168916,2026-03-30T16:13:33.168916
B33-M1,Order the code for BLOCK-33 (JUNIOR):,"{""def __init__(self):"", ""self.name = name"", ""class Jenga:""}","{2, 0, 1}",JUNIOR,1,True,BLOCK-33,2026-03-30T16:13:33.168916,2026-03-30T16:13:33.168916
B33-M2,Order the code for BLOCK-33 (JUNIOR):,"{""def __init__(self):"", ""self.name = name"", ""class Jenga:""}","{2, 0, 1}",JUNIOR,2,True,BLOCK-33,2026-03-30T16:13:33.168916,2026-03-30T16:13:33.168916
B33-S1,Order the code for BLOCK-33 (SENIOR):,"{""def __init__(self):"", ""self.name = name"", ""class Jenga:""}","{2, 0, 1}",SENIOR,1,True,BLOCK-33,2026-03-30T16:13:33.168916,2026-03-30T16:13:33.168916
B33-S2,Order the code for BLOCK-33 (SENIOR):,"{""def __init__(self):"", ""self.name = name"", ""class Jenga:""}","{2, 0, 1}",SENIOR,2,True,BLOCK-33,2026-03-30T16:13:33.168916,2026-03-30T16:13:33.168916
B34-E1,Order the code for BLOCK-34 (ENTRY):,"{""def __init__(self):"", ""self.name = name"", ""class Jenga:""}","{2, 0, 1}",ENTRY,1,False,BLOCK-34,2026-03-30T16:13:33.168916,2026-03-30T16:13:33.168916
B34-E2,Order the code for BLOCK-34 (ENTRY):,"{""def __init__(self):"", ""self.name = name"", ""class Jenga:""}","{2, 0, 1}",ENTRY,2,False,BLOCK-34,2026-03-30T16:13:33.168916,2026-03-30T16:13:33.168916
B34-M1,Order the code for BLOCK-34 (JUNIOR):,"{""def __init__(self):"", ""self.name = name"", ""class Jenga:""}","{2, 0, 1}",JUNIOR,1,True,BLOCK-34,2026-03-30T16:13:33.168916,2026-03-30T16:13:33.168916
B34-M2,Order the code for BLOCK-34 (JUNIOR):,"{""def __init__(self):"", ""self.name = name"", ""class Jenga:""}","{2, 0, 1}",JUNIOR,2,True,BLOCK-34,2026-03-30T16:13:33.168916,2026-03-30T16:13:33.168916
B34-S1,Order the code for BLOCK-34 (SENIOR):,"{""def __init__(self):"", ""self.name = name"", ""class Jenga:""}","{2, 0, 1}",SENIOR,1,True,BLOCK-34,2026-03-30T16:13:33.168916,2026-03-30T16:13:33.168916
B34-S2,Order the code for BLOCK-34 (SENIOR):,"{""def __init__(self):"", ""self.name = name"", ""class Jenga:""}","{2, 0, 1}",SENIOR,2,True,BLOCK-34,2026-03-30T16:13:33.168916,2026-03-30T16:13:33.168916
B35-E1,Order the code for BLOCK-35 (ENTRY):,"{""def __init__(self):"", ""self.name = name"", ""class Jenga:""}","{2, 0, 1}",ENTRY,1,False,BLOCK-35,2026-03-30T16:13:33.168916,2026-03-30T16:13:33.168916
B35-E2,Order the code for BLOCK-35 (ENTRY):,"{""def __init__(self):"", ""self.name = name"", ""class Jenga:""}","{2, 0, 1}",ENTRY,2,False,BLOCK-35,2026-03-30T16:13:33.168916,2026-03-30T16:13:33.168916
B35-M1,Order the code for BLOCK-35 (JUNIOR):,"{""def __init__(self):"", ""self.name = name"", ""class Jenga:""}","{2, 0, 1}",JUNIOR,1,True,BLOCK-35,2026-03-30T16:13:33.168916,2026-03-30T16:13:33.168916
B35-M2,Order the code for BLOCK-35 (JUNIOR):,"{""def __init__(self):"", ""self.name = name"", ""class Jenga:""}","{2, 0, 1}",JUNIOR,2,True,BLOCK-35,2026-03-30T16:13:33.168916,2026-03-30T16:13:33.168916
B35-S1,Order the code for BLOCK-35 (SENIOR):,"{""def __init__(self):"", ""self.name = name"", ""class Jenga:""}","{2, 0, 1}",SENIOR,1,True,BLOCK-35,2026-03-30T16:13:33.168916,2026-03-30T16:13:33.168916
B35-S2,Order the code for BLOCK-35 (SENIOR):,"{""def __init__(self):"", ""self.name = name"", ""class Jenga:""}","{2, 0, 1}",SENIOR,2,True,BLOCK-35,2026-03-30T16:13:33.168916,2026-03-30T16:13:33.168916
B36-E1,Order the code for BLOCK-36 (ENTRY):,"{""def __init__(self):"", ""self.name = name"", ""class Jenga:""}","{2, 0, 1}",ENTRY,1,False,BLOCK-36,2026-03-30T16:13:33.168916,2026-03-30T16:13:33.168916
B36-E2,Order the code for BLOCK-36 (ENTRY):,"{""def __init__(self):"", ""self.name = name"", ""class Jenga:""}","{2, 0, 1}",ENTRY,2,False,BLOCK-36,2026-03-30T16:13:33.168916,2026-03-30T16:13:33.168916
B36-M1,Order the code for BLOCK-36 (JUNIOR):,"{""def __init__(self):"", ""self.name = name"", ""class Jenga:""}","{2, 0, 1}",JUNIOR,1,True,BLOCK-36,2026-03-30T16:13:33.168916,2026-03-30T16:13:33.168916
B36-M2,Order the code for BLOCK-36 (JUNIOR):,"{""def __init__(self):"", ""self.name = name"", ""class Jenga:""}","{2, 0, 1}",JUNIOR,2,True,BLOCK-36,2026-03-30T16:13:33.168916,2026-03-30T16:13:33.168916
B36-S1,Order the code for BLOCK-36 (SENIOR):,"{""def __init__(self):"", ""self.name = name"", ""class Jenga:""}","{2, 0, 1}",SENIOR,1,True,BLOCK-36,2026-03-30T16:13:33.168916,2026-03-30T16:13:33.168916
B36-S2,Order the code for BLOCK-36 (SENIOR):,"{""def __init__(self):"", ""self.name = name"", ""class Jenga:""}","{2, 0, 1}",SENIOR,2,True,BLOCK-36,2026-03-30T16:13:33.168916,2026-03-30T16:13:33.168916
B37-E1,Order the code for BLOCK-37 (ENTRY):,"{""def __init__(self):"", ""self.name = name"", ""class Jenga:""}","{2, 0, 1}",ENTRY,1,False,BLOCK-37,2026-03-30T16:13:33.168916,2026-03-30T16:13:33.168916
B37-E2,Order the code for BLOCK-37 (ENTRY):,"{""def __init__(self):"", ""self.name = name"", ""class Jenga:""}","{2, 0, 1}",ENTRY,2,False,BLOCK-37,2026-03-30T16:13:33.168916,2026-03-30T16:13:33.168916
B37-M1,Order the code for BLOCK-37 (JUNIOR):,"{""def __init__(self):"", ""self.name = name"", ""class Jenga:""}","{2, 0, 1}",JUNIOR,1,True,BLOCK-37,2026-03-30T16:13:33.168916,2026-03-30T16:13:33.168916
B37-M2,Order the code for BLOCK-37 (JUNIOR):,"{""def __init__(self):"", ""self.name = name"", ""class Jenga:""}","{2, 0, 1}",JUNIOR,2,True,BLOCK-37,2026-03-30T16:13:33.168916,2026-03-30T16:13:33.168916
B37-S1,Order the code for BLOCK-37 (SENIOR):,"{""def __init__(self):"", ""self.name = name"", ""class Jenga:""}","{2, 0, 1}",SENIOR,1,True,BLOCK-37,2026-03-30T16:13:33.168916,2026-03-30T16:13:33.168916
B37-S2,Order the code for BLOCK-37 (SENIOR):,"{""def __init__(self):"", ""self.name = name"", ""class Jenga:""}","{2, 0, 1}",SENIOR,2,True,BLOCK-37,2026-03-30T16:13:33.168916,2026-03-30T16:13:33.168916
B38-E1,Order the code for BLOCK-38 (ENTRY):,"{""def __init__(self):"", ""self.name = name"", ""class Jenga:""}","{2, 0, 1}",ENTRY,1,False,BLOCK-38,2026-03-30T16:13:33.168916,2026-03-30T16:13:33.168916
B38-E2,Order the code for BLOCK-38 (ENTRY):,"{""def __init__(self):"", ""self.name = name"", ""class Jenga:""}","{2, 0, 1}",ENTRY,2,False,BLOCK-38,2026-03-30T16:13:33.168916,2026-03-30T16:13:33.168916
B38-M1,Order the code for BLOCK-38 (JUNIOR):,"{""def __init__(self):"", ""self.name = name"", ""class Jenga:""}","{2, 0, 1}",JUNIOR,1,True,BLOCK-38,2026-03-30T16:13:33.168916,2026-03-30T16:13:33.168916
B38-M2,Order the code for BLOCK-38 (JUNIOR):,"{""def __init__(self):"", ""self.name = name"", ""class Jenga:""}","{2, 0, 1}",JUNIOR,2,True,BLOCK-38,2026-03-30T16:13:33.168916,2026-03-30T16:13:33.168916
B38-S1,Order the code for BLOCK-38 (SENIOR):,"{""def __init__(self):"", ""self.name = name"", ""class Jenga:""}","{2, 0, 1}",SENIOR,1,True,BLOCK-38,2026-03-30T16:13:33.168916,2026-03-30T16:13:33.168916
B38-S2,Order the code for BLOCK-38 (SENIOR):,"{""def __init__(self):"", ""self.name = name"", ""class Jenga:""}","{2, 0, 1}",SENIOR,2,True,BLOCK-38,2026-03-30T16:13:33.168916,2026-03-30T16:13:33.168916
B39-E1,Order the code for BLOCK-39 (ENTRY):,"{""def __init__(self):"", ""self.name = name"", ""class Jenga:""}","{2, 0, 1}",ENTRY,1,False,BLOCK-39,2026-03-30T16:13:33.168916,2026-03-30T16:13:33.168916
B39-E2,Order the code for BLOCK-39 (ENTRY):,"{""def __init__(self):"", ""self.name = name"", ""class Jenga:""}","{2, 0, 1}",ENTRY,2,False,BLOCK-39,2026-03-30T16:13:33.168916,2026-03-30T16:13:33.168916
B39-M1,Order the code for BLOCK-39 (JUNIOR):,"{""def __init__(self):"", ""self.name = name"", ""class Jenga:""}","{2, 0, 1}",JUNIOR,1,True,BLOCK-39,2026-03-30T16:13:33.168916,2026-03-30T16:13:33.168916
B39-M2,Order the code for BLOCK-39 (JUNIOR):,"{""def __init__(self):"", ""self.name = name"", ""class Jenga:""}","{2, 0, 1}",JUNIOR,2,True,BLOCK-39,2026-03-30T16:13:33.168916,2026-03-30T16:13:33.168916
B39-S1,Order the code for BLOCK-39 (SENIOR):,"{""def __init__(self):"", ""self.name = name"", ""class Jenga:""}","{2, 0, 1}",SENIOR,1,True,BLOCK-39,2026-03-30T16:13:33.168916,2026-03-30T16:13:33.168916
B39-S2,Order the code for BLOCK-39 (SENIOR):,"{""def __init__(self):"", ""self.name = name"", ""class Jenga:""}","{2, 0, 1}",SENIOR,2,True,BLOCK-39,2026-03-30T16:13:33.168916,2026-03-30T16:13:33.168916
B40-E1,Order the code for BLOCK-40 (ENTRY):,"{""def __init__(self):"", ""self.name = name"", ""class Jenga:""}","{2, 0, 1}",ENTRY,1,False,BLOCK-40,2026-03-30T16:13:33.168916,2026-03-30T16:13:33.168916
B40-E2,Order the code for BLOCK-40 (ENTRY):,"{""def __init__(self):"", ""self.name = name"", ""class Jenga:""}","{2, 0, 1}",ENTRY,2,False,BLOCK-40,2026-03-30T16:13:33.168916,2026-03-30T16:13:33.168916
B40-M1,Order the code for BLOCK-40 (JUNIOR):,"{""def __init__(self):"", ""self.name = name"", ""class Jenga:""}","{2, 0, 1}",JUNIOR,1,True,BLOCK-40,2026-03-30T16:13:33.168916,2026-03-30T16:13:33.168916
B40-M2,Order the code for BLOCK-40 (JUNIOR):,"{""def __init__(self):"", ""self.name = name"", ""class Jenga:""}","{2, 0, 1}",JUNIOR,2,True,BLOCK-40,2026-03-30T16:13:33.168916,2026-03-30T16:13:33.168916
B40-S1,Order the code for BLOCK-40 (SENIOR):,"{""def __init__(self):"", ""self.name = name"", ""class Jenga:""}","{2, 0, 1}",SENIOR,1,True,BLOCK-40,2026-03-30T16:13:33.168916,2026-03-30T16:13:33.168916
B40-S2,Order the code for BLOCK-40 (SENIOR):,"{""def __init__(self):"", ""self.name = name"", ""class Jenga:""}","{2, 0, 1}",SENIOR,2,True,BLOCK-40,2026-03-30T16:13:33.168916,2026-03-30T16:13:33.168916
B41-E1,Order the code for BLOCK-41 (ENTRY):,"{""def __init__(self):"", ""self.name = name"", ""class Jenga:""}","{2, 0, 1}",ENTRY,1,False,BLOCK-41,2026-03-30T16:13:33.168916,2026-03-30T16:13:33.168916
B41-E2,Order the code for BLOCK-41 (ENTRY):,"{""def __init__(self):"", ""self.name = name"", ""class Jenga:""}","{2, 0, 1}",ENTRY,2,False,BLOCK-41,2026-03-30T16:13:33.168916,2026-03-30T16:13:33.168916
B41-M1,Order the code for BLOCK-41 (JUNIOR):,"{""def __init__(self):"", ""self.name = name"", ""class Jenga:""}","{2, 0, 1}",JUNIOR,1,True,BLOCK-41,2026-03-30T16:13:33.168916,2026-03-30T16:13:33.168916
B41-M2,Order the code for BLOCK-41 (JUNIOR):,"{""def __init__(self):"", ""self.name = name"", ""class Jenga:""}","{2, 0, 1}",JUNIOR,2,True,BLOCK-41,2026-03-30T16:13:33.168916,2026-03-30T16:13:33.168916
B41-S1,Order the code for BLOCK-41 (SENIOR):,"{""def __init__(self):"", ""self.name = name"", ""class Jenga:""}","{2, 0, 1}",SENIOR,1,True,BLOCK-41,2026-03-30T16:13:33.168916,2026-03-30T16:13:33.168916
B41-S2,Order the code for BLOCK-41 (SENIOR):,"{""def __init__(self):"", ""self.name = name"", ""class Jenga:""}","{2, 0, 1}",SENIOR,2,True,BLOCK-41,2026-03-30T16:13:33.168916,2026-03-30T16:13:33.168916
B42-E1,Order the code for BLOCK-42 (ENTRY):,"{""def __init__(self):"", ""self.name = name"", ""class Jenga:""}","{2, 0, 1}",ENTRY,1,False,BLOCK-42,2026-03-30T16:13:33.168916,2026-03-30T16:13:33.168916
B42-E2,Order the code for BLOCK-42 (ENTRY):,"{""def __init__(self):"", ""self.name = name"", ""class Jenga:""}","{2, 0, 1}",ENTRY,2,False,BLOCK-42,2026-03-30T16:13:33.168916,2026-03-30T16:13:33.168916
B42-M1,Order the code for BLOCK-42 (JUNIOR):,"{""def __init__(self):"", ""self.name = name"", ""class Jenga:""}","{2, 0, 1}",JUNIOR,1,True,BLOCK-42,2026-03-30T16:13:33.168916,2026-03-30T16:13:33.168916
B42-M2,Order the code for BLOCK-42 (JUNIOR):,"{""def __init__(self):"", ""self.name = name"", ""class Jenga:""}","{2, 0, 1}",JUNIOR,2,True,BLOCK-42,2026-03-30T16:13:33.168916,2026-03-30T16:13:33.168916
B42-S1,Order the code for BLOCK-42 (SENIOR):,"{""def __init__(self):"", ""self.name = name"", ""class Jenga:""}","{2, 0, 1}",SENIOR,1,True,BLOCK-42,2026-03-30T16:13:33.168916,2026-03-30T16:13:33.168916
B42-S2,Order the code for BLOCK-42 (SENIOR):,"{""def __init__(self):"", ""self.name = name"", ""class Jenga:""}","{2, 0, 1}",SENIOR,2,True,BLOCK-42,2026-03-30T16:13:33.168916,2026-03-30T16:13:33.168916
B43-E1,Order the code for BLOCK-43 (ENTRY):,"{""def __init__(self):"", ""self.name = name"", ""class Jenga:""}","{2, 0, 1}",ENTRY,1,False,BLOCK-43,2026-03-30T16:13:33.168916,2026-03-30T16:13:33.168916
B43-E2,Order the code for BLOCK-43 (ENTRY):,"{""def __init__(self):"", ""self.name = name"", ""class Jenga:""}","{2, 0, 1}",ENTRY,2,False,BLOCK-43,2026-03-30T16:13:33.168916,2026-03-30T16:13:33.168916
B43-M1,Order the code for BLOCK-43 (JUNIOR):,"{""def __init__(self):"", ""self.name = name"", ""class Jenga:""}","{2, 0, 1}",JUNIOR,1,True,BLOCK-43,2026-03-30T16:13:33.168916,2026-03-30T16:13:33.168916
B43-M2,Order the code for BLOCK-43 (JUNIOR):,"{""def __init__(self):"", ""self.name = name"", ""class Jenga:""}","{2, 0, 1}",JUNIOR,2,True,BLOCK-43,2026-03-30T16:13:33.168916,2026-03-30T16:13:33.168916
B43-S1,Order the code for BLOCK-43 (SENIOR):,"{""def __init__(self):"", ""self.name = name"", ""class Jenga:""}","{2, 0, 1}",SENIOR,1,True,BLOCK-43,2026-03-30T16:13:33.168916,2026-03-30T16:13:33.168916
B43-S2,Order the code for BLOCK-43 (SENIOR):,"{""def __init__(self):"", ""self.name = name"", ""class Jenga:""}","{2, 0, 1}",SENIOR,2,True,BLOCK-43,2026-03-30T16:13:33.168916,2026-03-30T16:13:33.168916
B44-E1,Order the code for BLOCK-44 (ENTRY):,"{""def __init__(self):"", ""self.name = name"", ""class Jenga:""}","{2, 0, 1}",ENTRY,1,False,BLOCK-44,2026-03-30T16:13:33.168916,2026-03-30T16:13:33.168916
B44-E2,Order the code for BLOCK-44 (ENTRY):,"{""def __init__(self):"", ""self.name = name"", ""class Jenga:""}","{2, 0, 1}",ENTRY,2,False,BLOCK-44,2026-03-30T16:13:33.168916,2026-03-30T16:13:33.168916
B44-M1,Order the code for BLOCK-44 (JUNIOR):,"{""def __init__(self):"", ""self.name = name"", ""class Jenga:""}","{2, 0, 1}",JUNIOR,1,True,BLOCK-44,2026-03-30T16:13:33.168916,2026-03-30T16:13:33.168916
B44-M2,Order the code for BLOCK-44 (JUNIOR):,"{""def __init__(self):"", ""self.name = name"", ""class Jenga:""}","{2, 0, 1}",JUNIOR,2,True,BLOCK-44,2026-03-30T16:13:33.168916,2026-03-30T16:13:33.168916
B44-S1,Order the code for BLOCK-44 (SENIOR):,"{""def __init__(self):"", ""self.name = name"", ""class Jenga:""}","{2, 0, 1}",SENIOR,1,True,BLOCK-44,2026-03-30T16:13:33.168916,2026-03-30T16:13:33.168916
B44-S2,Order the code for BLOCK-44 (SENIOR):,"{""def __init__(self):"", ""self.name = name"", ""class Jenga:""}","{2, 0, 1}",SENIOR,2,True,BLOCK-44,2026-03-30T16:13:33.168916,2026-03-30T16:13:33.168916
B45-E1,Order the code for BLOCK-45 (ENTRY):,"{""def __init__(self):"", ""self.name = name"", ""class Jenga:""}","{2, 0, 1}",ENTRY,1,False,BLOCK-45,2026-03-30T16:13:33.168916,2026-03-30T16:13:33.168916
B45-E2,Order the code for BLOCK-45 (ENTRY):,"{""def __init__(self):"", ""self.name = name"", ""class Jenga:""}","{2, 0, 1}",ENTRY,2,False,BLOCK-45,2026-03-30T16:13:33.168916,2026-03-30T16:13:33.168916
B45-M1,Order the code for BLOCK-45 (JUNIOR):,"{""def __init__(self):"", ""self.name = name"", ""class Jenga:""}","{2, 0, 1}",JUNIOR,1,True,BLOCK-45,2026-03-30T16:13:33.168916,2026-03-30T16:13:33.168916
B45-M2,Order the code for BLOCK-45 (JUNIOR):,"{""def __init__(self):"", ""self.name = name"", ""class Jenga:""}","{2, 0, 1}",JUNIOR,2,True,BLOCK-45,2026-03-30T16:13:33.168916,2026-03-30T16:13:33.168916
B45-S1,Order the code for BLOCK-45 (SENIOR):,"{""def __init__(self):"", ""self.name = name"", ""class Jenga:""}","{2, 0, 1}",SENIOR,1,True,BLOCK-45,2026-03-30T16:13:33.168916,2026-03-30T16:13:33.168916
B45-S2,Order the code for BLOCK-45 (SENIOR):,"{""def __init__(self):"", ""self.name = name"", ""class Jenga:""}","{2, 0, 1}",SENIOR,2,True,BLOCK-45,2026-03-30T16:13:33.168916,2026-03-30T16:13:33.168916
B46-E1,Order the code for BLOCK-46 (ENTRY):,"{""def __init__(self):"", ""self.name = name"", ""class Jenga:""}","{2, 0, 1}",ENTRY,1,False,BLOCK-46,2026-03-30T16:13:33.168916,2026-03-30T16:13:33.168916
B46-E2,Order the code for BLOCK-46 (ENTRY):,"{""def __init__(self):"", ""self.name = name"", ""class Jenga:""}","{2, 0, 1}",ENTRY,2,False,BLOCK-46,2026-03-30T16:13:33.168916,2026-03-30T16:13:33.168916
B46-M1,Order the code for BLOCK-46 (JUNIOR):,"{""def __init__(self):"", ""self.name = name"", ""class Jenga:""}","{2, 0, 1}",JUNIOR,1,True,BLOCK-46,2026-03-30T16:13:33.168916,2026-03-30T16:13:33.168916
B46-M2,Order the code for BLOCK-46 (JUNIOR):,"{""def __init__(self):"", ""self.name = name"", ""class Jenga:""}","{2, 0, 1}",JUNIOR,2,True,BLOCK-46,2026-03-30T16:13:33.168916,2026-03-30T16:13:33.168916
B46-S1,Order the code for BLOCK-46 (SENIOR):,"{""def __init__(self):"", ""self.name = name"", ""class Jenga:""}","{2, 0, 1}",SENIOR,1,True,BLOCK-46,2026-03-30T16:13:33.168916,2026-03-30T16:13:33.168916
B46-S2,Order the code for BLOCK-46 (SENIOR):,"{""def __init__(self):"", ""self.name = name"", ""class Jenga:""}","{2, 0, 1}",SENIOR,2,True,BLOCK-46,2026-03-30T16:13:33.168916,2026-03-30T16:13:33.168916
B47-E1,Order the code for BLOCK-47 (ENTRY):,"{""def __init__(self):"", ""self.name = name"", ""class Jenga:""}","{2, 0, 1}",ENTRY,1,False,BLOCK-47,2026-03-30T16:13:33.168916,2026-03-30T16:13:33.168916
B47-E2,Order the code for BLOCK-47 (ENTRY):,"{""def __init__(self):"", ""self.name = name"", ""class Jenga:""}","{2, 0, 1}",ENTRY,2,False,BLOCK-47,2026-03-30T16:13:33.168916,2026-03-30T16:13:33.168916
B47-M1,Order the code for BLOCK-47 (JUNIOR):,"{""def __init__(self):"", ""self.name = name"", ""class Jenga:""}","{2, 0, 1}",JUNIOR,1,True,BLOCK-47,2026-03-30T16:13:33.168916,2026-03-30T16:13:33.168916
B47-M2,Order the code for BLOCK-47 (JUNIOR):,"{""def __init__(self):"", ""self.name = name"", ""class Jenga:""}","{2, 0, 1}",JUNIOR,2,True,BLOCK-47,2026-03-30T16:13:33.168916,2026-03-30T16:13:33.168916
B47-S1,Order the code for BLOCK-47 (SENIOR):,"{""def __init__(self):"", ""self.name = name"", ""class Jenga:""}","{2, 0, 1}",SENIOR,1,True,BLOCK-47,2026-03-30T16:13:33.168916,2026-03-30T16:13:33.168916
B47-S2,Order the code for BLOCK-47 (SENIOR):,"{""def __init__(self):"", ""self.name = name"", ""class Jenga:""}","{2, 0, 1}",SENIOR,2,True,BLOCK-47,2026-03-30T16:13:33.168916,2026-03-30T16:13:33.168916
B48-E1,Order the code for BLOCK-48 (ENTRY):,"{""def __init__(self):"", ""self.name = name"", ""class Jenga:""}","{2, 0, 1}",ENTRY,1,False,BLOCK-48,2026-03-30T16:13:33.168916,2026-03-30T16:13:33.168916
B48-E2,Order the code for BLOCK-48 (ENTRY):,"{""def __init__(self):"", ""self.name = name"", ""class Jenga:""}","{2, 0, 1}",ENTRY,2,False,BLOCK-48,2026-03-30T16:13:33.168916,2026-03-30T16:13:33.168916
B48-M1,Order the code for BLOCK-48 (JUNIOR):,"{""def __init__(self):"", ""self.name = name"", ""class Jenga:""}","{2, 0, 1}",JUNIOR,1,True,BLOCK-48,2026-03-30T16:13:33.168916,2026-03-30T16:13:33.168916
B48-M2,Order the code for BLOCK-48 (JUNIOR):,"{""def __init__(self):"", ""self.name = name"", ""class Jenga:""}","{2, 0, 1}",JUNIOR,2,True,BLOCK-48,2026-03-30T16:13:33.168916,2026-03-30T16:13:33.168916
B48-S1,Order the code for BLOCK-48 (SENIOR):,"{""def __init__(self):"", ""self.name = name"", ""class Jenga:""}","{2, 0, 1}",SENIOR,1,True,BLOCK-48,2026-03-30T16:13:33.168916,2026-03-30T16:13:33.168916
B48-S2,Order the code for BLOCK-48 (SENIOR):,"{""def __init__(self):"", ""self.name = name"", ""class Jenga:""}","{2, 0, 1}",SENIOR,2,True,BLOCK-48,2026-03-30T16:13:33.168916,2026-03-30T16:13:33.168916
B49-E1,Order the code for BLOCK-49 (ENTRY):,"{""def __init__(self):"", ""self.name = name"", ""class Jenga:""}","{2, 0, 1}",ENTRY,1,False,BLOCK-49,2026-03-30T16:13:33.168916,2026-03-30T16:13:33.168916
B49-E2,Order the code for BLOCK-49 (ENTRY):,"{""def __init__(self):"", ""self.name = name"", ""class Jenga:""}","{2, 0, 1}",ENTRY,2,False,BLOCK-49,2026-03-30T16:13:33.168916,2026-03-30T16:13:33.168916
B49-M1,Order the code for BLOCK-49 (JUNIOR):,"{""def __init__(self):"", ""self.name = name"", ""class Jenga:""}","{2, 0, 1}",JUNIOR,1,True,BLOCK-49,2026-03-30T16:13:33.168916,2026-03-30T16:13:33.168916
B49-M2,Order the code for BLOCK-49 (JUNIOR):,"{""def __init__(self):"", ""self.name = name"", ""class Jenga:""}","{2, 0, 1}",JUNIOR,2,True,BLOCK-49,2026-03-30T16:13:33.168916,2026-03-30T16:13:33.168916
B49-S1,Order the code for BLOCK-49 (SENIOR):,"{""def __init__(self):"", ""self.name = name"", ""class Jenga:""}","{2, 0, 1}",SENIOR,1,True,BLOCK-49,2026-03-30T16:13:33.168916,2026-03-30T16:13:33.168916
B49-S2,Order the code for BLOCK-49 (SENIOR):,"{""def __init__(self):"", ""self.name = name"", ""class Jenga:""}","{2, 0, 1}",SENIOR,2,True,BLOCK-49,2026-03-30T16:13:33.168916,2026-03-30T16:13:33.168916
B50-E1,Order the code for BLOCK-50 (ENTRY):,"{""def __init__(self):"", ""self.name = name"", ""class Jenga:""}","{2, 0, 1}",ENTRY,1,False,BLOCK-50,2026-03-30T16:13:33.168916,2026-03-30T16:13:33.168916
B50-E2,Order the code for BLOCK-50 (ENTRY):,"{""def __init__(self):"", ""self.name = name"", ""class Jenga:""}","{2, 0, 1}",ENTRY,2,False,BLOCK-50,2026-03-30T16:13:33.168916,2026-03-30T16:13:33.168916
B50-M1,Order the code for BLOCK-50 (JUNIOR):,"{""def __init__(self):"", ""self.name = name"", ""class Jenga:""}","{2, 0, 1}",JUNIOR,1,True,BLOCK-50,2026-03-30T16:13:33.168916,2026-03-30T16:13:33.168916
B50-M2,Order the code for BLOCK-50 (JUNIOR):,"{""def __init__(self):"", ""self.name = name"", ""class Jenga:""}","{2, 0, 1}",JUNIOR,2,True,BLOCK-50,2026-03-30T16:13:33.168916,2026-03-30T16:13:33.168916
B50-S1,Order the code for BLOCK-50 (SENIOR):,"{""def __init__(self):"", ""self.name = name"", ""class Jenga:""}","{2, 0, 1}",SENIOR,1,True,BLOCK-50,2026-03-30T16:13:33.168916,2026-03-30T16:13:33.168916
B50-S2,Order the code for BLOCK-50 (SENIOR):,"{""def __init__(self):"", ""self.name = name"", ""class Jenga:""}","{2, 0, 1}",SENIOR,2,True,BLOCK-50,2026-03-30T16:13:33.168916,2026-03-30T16:13:33.168916
B51-E1,Order the code for BLOCK-51 (ENTRY):,"{""def __init__(self):"", ""self.name = name"", ""class Jenga:""}","{2, 0, 1}",ENTRY,1,False,BLOCK-51,2026-03-30T16:13:33.168916,2026-03-30T16:13:33.168916
B51-E2,Order the code for BLOCK-51 (ENTRY):,"{""def __init__(self):"", ""self.name = name"", ""class Jenga:""}","{2, 0, 1}",ENTRY,2,False,BLOCK-51,2026-03-30T16:13:33.168916,2026-03-30T16:13:33.168916
B51-M1,Order the code for BLOCK-51 (JUNIOR):,"{""def __init__(self):"", ""self.name = name"", ""class Jenga:""}","{2, 0, 1}",JUNIOR,1,True,BLOCK-51,2026-03-30T16:13:33.168916,2026-03-30T16:13:33.168916
B51-M2,Order the code for BLOCK-51 (JUNIOR):,"{""def __init__(self):"", ""self.name = name"", ""class Jenga:""}","{2, 0, 1}",JUNIOR,2,True,BLOCK-51,2026-03-30T16:13:33.168916,2026-03-30T16:13:33.168916
B51-S1,Order the code for BLOCK-51 (SENIOR):,"{""def __init__(self):"", ""self.name = name"", ""class Jenga:""}","{2, 0, 1}",SENIOR,1,True,BLOCK-51,2026-03-30T16:13:33.168916,2026-03-30T16:13:33.168916
B51-S2,Order the code for BLOCK-51 (SENIOR):,"{""def __init__(self):"", ""self.name = name"", ""class Jenga:""}","{2, 0, 1}",SENIOR,2,True,BLOCK-51,2026-03-30T16:13:33.168916,2026-03-30T16:13:33.168916
B52-E1,Order the code for BLOCK-52 (ENTRY):,"{""def __init__(self):"", ""self.name = name"", ""class Jenga:""}","{2, 0, 1}",ENTRY,1,False,BLOCK-52,2026-03-30T16:13:33.168916,2026-03-30T16:13:33.168916
B52-E2,Order the code for BLOCK-52 (ENTRY):,"{""def __init__(self):"", ""self.name = name"", ""class Jenga:""}","{2, 0, 1}",ENTRY,2,False,BLOCK-52,2026-03-30T16:13:33.168916,2026-03-30T16:13:33.168916
B52-M1,Order the code for BLOCK-52 (JUNIOR):,"{""def __init__(self):"", ""self.name = name"", ""class Jenga:""}","{2, 0, 1}",JUNIOR,1,True,BLOCK-52,2026-03-30T16:13:33.168916,2026-03-30T16:13:33.168916
B52-M2,Order the code for BLOCK-52 (JUNIOR):,"{""def __init__(self):"", ""self.name = name"", ""class Jenga:""}","{2, 0, 1}",JUNIOR,2,True,BLOCK-52,2026-03-30T16:13:33.168916,2026-03-30T16:13:33.168916
B52-S1,Order the code for BLOCK-52 (SENIOR):,"{""def __init__(self):"", ""self.name = name"", ""class Jenga:""}","{2, 0, 1}",SENIOR,1,True,BLOCK-52,2026-03-30T16:13:33.168916,2026-03-30T16:13:33.168916
B52-S2,Order the code for BLOCK-52 (SENIOR):,"{""def __init__(self):"", ""self.name = name"", ""class Jenga:""}","{2, 0, 1}",SENIOR,2,True,BLOCK-52,2026-03-30T16:13:33.168916,2026-03-30T16:13:33.168916
B53-E1,Order the code for BLOCK-53 (ENTRY):,"{""def __init__(self):"", ""self.name = name"", ""class Jenga:""}","{2, 0, 1}",ENTRY,1,False,BLOCK-53,2026-03-30T16:13:33.168916,2026-03-30T16:13:33.168916
B53-E2,Order the code for BLOCK-53 (ENTRY):,"{""def __init__(self):"", ""self.name = name"", ""class Jenga:""}","{2, 0, 1}",ENTRY,2,False,BLOCK-53,2026-03-30T16:13:33.168916,2026-03-30T16:13:33.168916
B53-M1,Order the code for BLOCK-53 (JUNIOR):,"{""def __init__(self):"", ""self.name = name"", ""class Jenga:""}","{2, 0, 1}",JUNIOR,1,True,BLOCK-53,2026-03-30T16:13:33.168916,2026-03-30T16:13:33.168916
B53-M2,Order the code for BLOCK-53 (JUNIOR):,"{""def __init__(self):"", ""self.name = name"", ""class Jenga:""}","{2, 0, 1}",JUNIOR,2,True,BLOCK-53,2026-03-30T16:13:33.168916,2026-03-30T16:13:33.168916
B53-S1,Order the code for BLOCK-53 (SENIOR):,"{""def __init__(self):"", ""self.name = name"", ""class Jenga:""}","{2, 0, 1}",SENIOR,1,True,BLOCK-53,2026-03-30T16:13:33.168916,2026-03-30T16:13:33.168916
B53-S2,Order the code for BLOCK-53 (SENIOR):,"{""def __init__(self):"", ""self.name = name"", ""class Jenga:""}","{2, 0, 1}",SENIOR,2,True,BLOCK-53,2026-03-30T16:13:33.168916,2026-03-30T16:13:33.168916
B54-E1,Order the code for BLOCK-54 (ENTRY):,"{""def __init__(self):"", ""self.name = name"", ""class Jenga:""}","{2, 0, 1}",ENTRY,1,False,BLOCK-54,2026-03-30T16:13:33.168916,2026-03-30T16:13:33.168916
B54-E2,Order the code for BLOCK-54 (ENTRY):,"{""def __init__(self):"", ""self.name = name"", ""class Jenga:""}","{2, 0, 1}",ENTRY,2,False,BLOCK-54,2026-03-30T16:13:33.168916,2026-03-30T16:13:33.168916
B54-M1,Order the code for BLOCK-54 (JUNIOR):,"{""def __init__(self):"", ""self.name = name"", ""class Jenga:""}","{2, 0, 1}",JUNIOR,1,True,BLOCK-54,2026-03-30T16:13:33.168916,2026-03-30T16:13:33.168916
B54-M2,Order the code for BLOCK-54 (JUNIOR):,"{""def __init__(self):"", ""self.name = name"", ""class Jenga:""}","{2, 0, 1}",JUNIOR,2,True,BLOCK-54,2026-03-30T16:13:33.168916,2026-03-30T16:13:33.168916
B54-S1,Order the code for BLOCK-54 (SENIOR):,"{""def __init__(self):"", ""self.name = name"", ""class Jenga:""}","{2, 0, 1}",SENIOR,1,True,BLOCK-54,2026-03-30T16:13:33.168916,2026-03-30T16:13:33.168916
B54-S2,Order the code for BLOCK-54 (SENIOR):,"{""def __init__(self):"", ""self.name = name"", ""class Jenga:""}","{2, 0, 1}",SENIOR,2,True,BLOCK-54,2026-03-30T16:13:33.168916,2026-03-30T16:13:33.168916
