id,question,options,answer,level,subIndex,isPremium,blockId,physicalId,category
B01-E1,Order the code for BLOCK-01 (ENTRY):,"[""def __init__(self):"", ""self.name = name"", ""class Jenga:""]","[2, 0, 1]",ENTRY,1,FALSE,BLOCK-01,1,Python OOP
B01-E2,Order the code for BLOCK-01 (ENTRY):,"[""def __init__(self):"", ""self.name = name"", ""class Jenga:""]","[2, 0, 1]",ENTRY,2,FALSE,BLOCK-01,1,Python OOP
B01-M1,Order the code for BLOCK-01 (JUNIOR):,"[""def __init__(self):"", ""self.name = name"", ""class Jenga:""]","[2, 0, 1]",JUNIOR,1,TRUE,BLOCK-01,1,Python OOP
B01-M2,Order the code for BLOCK-01 (JUNIOR):,"[""def __init__(self):"", ""self.name = name"", ""class Jenga:""]","[2, 0, 1]",JUNIOR,2,TRUE,BLOCK-01,1,Python OOP
B01-S1,Order the code for BLOCK-01 (SENIOR):,"[""def __init__(self):"", ""self.name = name"", ""class Jenga:""]","[2, 0, 1]",SENIOR,1,TRUE,BLOCK-01,1,Python OOP
B01-S2,Order the code for BLOCK-01 (SENIOR):,"[""def __init__(self):"", ""self.name = name"", ""class Jenga:""]","[2, 0, 1]",SENIOR,2,TRUE,BLOCK-01,1,Python OOP
B02-E1,Order the code for BLOCK-02 (ENTRY):,"[""def __init__(self):"", ""self.name = name"", ""class Jenga:""]","[2, 0, 1]",ENTRY,1,FALSE,BLOCK-02,2,Python OOP
B02-E2,Order the code for BLOCK-02 (ENTRY):,"[""def __init__(self):"", ""self.name = name"", ""class Jenga:""]","[2, 0, 1]",ENTRY,2,FALSE,BLOCK-02,2,Python OOP
B02-M1,Order the code for BLOCK-02 (JUNIOR):,"[""def __init__(self):"", ""self.name = name"", ""class Jenga:""]","[2, 0, 1]",JUNIOR,1,TRUE,BLOCK-02,2,Python OOP
B02-M2,Order the code for BLOCK-02 (JUNIOR):,"[""def __init__(self):"", ""self.name = name"", ""class Jenga:""]","[2, 0, 1]",JUNIOR,2,TRUE,BLOCK-02,2,Python OOP
B02-S1,Order the code for BLOCK-02 (SENIOR):,"[""def __init__(self):"", ""self.name = name"", ""class Jenga:""]","[2, 0, 1]",SENIOR,1,TRUE,BLOCK-02,2,Python OOP
B02-S2,Order the code for BLOCK-02 (SENIOR):,"[""def __init__(self):"", ""self.name = name"", ""class Jenga:""]","[2, 0, 1]",SENIOR,2,TRUE,BLOCK-02,2,Python OOP
B03-E1,Order the code for BLOCK-03 (ENTRY):,"[""def __init__(self):"", ""self.name = name"", ""class Jenga:""]","[2, 0, 1]",ENTRY,1,FALSE,BLOCK-03,3,Python OOP
B03-E2,Order the code for BLOCK-03 (ENTRY):,"[""def __init__(self):"", ""self.name = name"", ""class Jenga:""]","[2, 0, 1]",ENTRY,2,FALSE,BLOCK-03,3,Python OOP
B03-M1,Order the code for BLOCK-03 (JUNIOR):,"[""def __init__(self):"", ""self.name = name"", ""class Jenga:""]","[2, 0, 1]",JUNIOR,1,TRUE,BLOCK-03,3,Python OOP
B03-M2,Order the code for BLOCK-03 (JUNIOR):,"[""def __init__(self):"", ""self.name = name"", ""class Jenga:""]","[2, 0, 1]",JUNIOR,2,TRUE,BLOCK-03,3,Python OOP
B03-S1,Order the code for BLOCK-03 (SENIOR):,"[""def __init__(self):"", ""self.name = name"", ""class Jenga:""]","[2, 0, 1]",SENIOR,1,TRUE,BLOCK-03,3,Python OOP
B03-S2,Order the code for BLOCK-03 (SENIOR):,"[""def __init__(self):"", ""self.name = name"", ""class Jenga:""]","[2, 0, 1]",SENIOR,2,TRUE,BLOCK-03,3,Python OOP
B04-E1,Order the code for BLOCK-04 (ENTRY):,"[""def __init__(self):"", ""self.name = name"", ""class Jenga:""]","[2, 0, 1]",ENTRY,1,FALSE,BLOCK-04,4,Python OOP
B04-E2,Order the code for BLOCK-04 (ENTRY):,"[""def __init__(self):"", ""self.name = name"", ""class Jenga:""]","[2, 0, 1]",ENTRY,2,FALSE,BLOCK-04,4,Python OOP
B04-M1,Order the code for BLOCK-04 (JUNIOR):,"[""def __init__(self):"", ""self.name = name"", ""class Jenga:""]","[2, 0, 1]",JUNIOR,1,TRUE,BLOCK-04,4,Python OOP
B04-M2,Order the code for BLOCK-04 (JUNIOR):,"[""def __init__(self):"", ""self.name = name"", ""class Jenga:""]","[2, 0, 1]",JUNIOR,2,TRUE,BLOCK-04,4,Python OOP
B04-S1,Order the code for BLOCK-04 (SENIOR):,"[""def __init__(self):"", ""self.name = name"", ""class Jenga:""]","[2, 0, 1]",SENIOR,1,TRUE,BLOCK-04,4,Python OOP
B04-S2,Order the code for BLOCK-04 (SENIOR):,"[""def __init__(self):"", ""self.name = name"", ""class Jenga:""]","[2, 0, 1]",SENIOR,2,TRUE,BLOCK-04,4,Python OOP
B05-E1,Order the code for BLOCK-05 (ENTRY):,"[""def __init__(self):"", ""self.name = name"", ""class Jenga:""]","[2, 0, 1]",ENTRY,1,FALSE,BLOCK-05,5,Python OOP
B05-E2,Order the code for BLOCK-05 (ENTRY):,"[""def __init__(self):"", ""self.name = name"", ""class Jenga:""]","[2, 0, 1]",ENTRY,2,FALSE,BLOCK-05,5,Python OOP
B05-M1,Order the code for BLOCK-05 (JUNIOR):,"[""def __init__(self):"", ""self.name = name"", ""class Jenga:""]","[2, 0, 1]",JUNIOR,1,TRUE,BLOCK-05,5,Python OOP
B05-M2,Order the code for BLOCK-05 (JUNIOR):,"[""def __init__(self):"", ""self.name = name"", ""class Jenga:""]","[2, 0, 1]",JUNIOR,2,TRUE,BLOCK-05,5,Python OOP
B05-S1,Order the code for BLOCK-05 (SENIOR):,"[""def __init__(self):"", ""self.name = name"", ""class Jenga:""]","[2, 0, 1]",SENIOR,1,TRUE,BLOCK-05,5,Python OOP
B05-S2,Order the code for BLOCK-05 (SENIOR):,"[""def __init__(self):"", ""self.name = name"", ""class Jenga:""]","[2, 0, 1]",SENIOR,2,TRUE,BLOCK-05,5,Python OOP
B06-E1,Order the code for BLOCK-06 (ENTRY):,"[""def __init__(self):"", ""self.name = name"", ""class Jenga:""]","[2, 0, 1]",ENTRY,1,FALSE,BLOCK-06,6,Python OOP
B06-E2,Order the code for BLOCK-06 (ENTRY):,"[""def __init__(self):"", ""self.name = name"", ""class Jenga:""]","[2, 0, 1]",ENTRY,2,FALSE,BLOCK-06,6,Python OOP
B06-M1,Order the code for BLOCK-06 (JUNIOR):,"[""def __init__(self):"", ""self.name = name"", ""class Jenga:""]","[2, 0, 1]",JUNIOR,1,TRUE,BLOCK-06,6,Python OOP
B06-M2,Order the code for BLOCK-06 (JUNIOR):,"[""def __init__(self):"", ""self.name = name"", ""class Jenga:""]","[2, 0, 1]",JUNIOR,2,TRUE,BLOCK-06,6,Python OOP
B06-S1,Order the code for BLOCK-06 (SENIOR):,"[""def __init__(self):"", ""self.name = name"", ""class Jenga:""]","[2, 0, 1]",SENIOR,1,TRUE,BLOCK-06,6,Python OOP
B06-S2,Order the code for BLOCK-06 (SENIOR):,"[""def __init__(self):"", ""self.name = name"", ""class Jenga:""]","[2, 0, 1]",SENIOR,2,TRUE,BLOCK-06,6,Python OOP
B07-E1,Order the code for BLOCK-07 (ENTRY):,"[""def __init__(self):"", ""self.name = name"", ""class Jenga:""]","[2, 0, 1]",ENTRY,1,FALSE,BLOCK-07,7,Python OOP
B07-E2,Order the code for BLOCK-07 (ENTRY):,"[""def __init__(self):"", ""self.name = name"", ""class Jenga:""]","[2, 0, 1]",ENTRY,2,FALSE,BLOCK-07,7,Python OOP
B07-M1,Order the code for BLOCK-07 (JUNIOR):,"[""def __init__(self):"", ""self.name = name"", ""class Jenga:""]","[2, 0, 1]",JUNIOR,1,TRUE,BLOCK-07,7,Python OOP
B07-M2,Order the code for BLOCK-07 (JUNIOR):,"[""def __init__(self):"", ""self.name = name"", ""class Jenga:""]","[2, 0, 1]",JUNIOR,2,TRUE,BLOCK-07,7,Python OOP
B07-S1,Order the code for BLOCK-07 (SENIOR):,"[""def __init__(self):"", ""self.name = name"", ""class Jenga:""]","[2, 0, 1]",SENIOR,1,TRUE,BLOCK-07,7,Python OOP
B07-S2,Order the code for BLOCK-07 (SENIOR):,"[""def __init__(self):"", ""self.name = name"", ""class Jenga:""]","[2, 0, 1]",SENIOR,2,TRUE,BLOCK-07,7,Python OOP
B08-E1,Order the code for BLOCK-08 (ENTRY):,"[""def __init__(self):"", ""self.name = name"", ""class Jenga:""]","[2, 0, 1]",ENTRY,1,FALSE,BLOCK-08,8,Python OOP
B08-E2,Order the code for BLOCK-08 (ENTRY):,"[""def __init__(self):"", ""self.name = name"", ""class Jenga:""]","[2, 0, 1]",ENTRY,2,FALSE,BLOCK-08,8,Python OOP
B08-M1,Order the code for BLOCK-08 (JUNIOR):,"[""def __init__(self):"", ""self.name = name"", ""class Jenga:""]","[2, 0, 1]",JUNIOR,1,TRUE,BLOCK-08,8,Python OOP
B08-M2,Order the code for BLOCK-08 (JUNIOR):,"[""def __init__(self):"", ""self.name = name"", ""class Jenga:""]","[2, 0, 1]",JUNIOR,2,TRUE,BLOCK-08,8,Python OOP
B08-S1,Order the code for BLOCK-08 (SENIOR):,"[""def __init__(self):"", ""self.name = name"", ""class Jenga:""]","[2, 0, 1]",SENIOR,1,TRUE,BLOCK-08,8,Python OOP
B08-S2,Order the code for BLOCK-08 (SENIOR):,"[""def __init__(self):"", ""self.name = name"", ""class Jenga:""]","[2, 0, 1]",SENIOR,2,TRUE,BLOCK-08,8,Python OOP
B09-E1,Order the code for BLOCK-09 (ENTRY):,"[""def __init__(self):"", ""self.name = name"", ""class Jenga:""]","[2, 0, 1]",ENTRY,1,FALSE,BLOCK-09,9,Python OOP
B09-E2,Order the code for BLOCK-09 (ENTRY):,"[""def __init__(self):"", ""self.name = name"", ""class Jenga:""]","[2, 0, 1]",ENTRY,2,FALSE,BLOCK-09,9,Python OOP
B09-M1,Order the code for BLOCK-09 (JUNIOR):,"[""def __init__(self):"", ""self.name = name"", ""class Jenga:""]","[2, 0, 1]",JUNIOR,1,TRUE,BLOCK-09,9,Python OOP
B09-M2,Order the code for BLOCK-09 (JUNIOR):,"[""def __init__(self):"", ""self.name = name"", ""class Jenga:""]","[2, 0, 1]",JUNIOR,2,TRUE,BLOCK-09,9,Python OOP
B09-S1,Order the code for BLOCK-09 (SENIOR):,"[""def __init__(self):"", ""self.name = name"", ""class Jenga:""]","[2, 0, 1]",SENIOR,1,TRUE,BLOCK-09,9,Python OOP
B09-S2,Order the code for BLOCK-09 (SENIOR):,"[""def __init__(self):"", ""self.name = name"", ""class Jenga:""]","[2, 0, 1]",SENIOR,2,TRUE,BLOCK-09,9,Python OOP
B10-E1,Order the code for BLOCK-10 (ENTRY):,"[""def __init__(self):"", ""self.name = name"", ""class Jenga:""]","[2, 0, 1]",ENTRY,1,FALSE,BLOCK-10,10,Python OOP
B10-E2,Order the code for BLOCK-10 (ENTRY):,"[""def __init__(self):"", ""self.name = name"", ""class Jenga:""]","[2, 0, 1]",ENTRY,2,FALSE,BLOCK-10,10,Python OOP
B10-M1,Order the code for BLOCK-10 (JUNIOR):,"[""def __init__(self):"", ""self.name = name"", ""class Jenga:""]","[2, 0, 1]",JUNIOR,1,TRUE,BLOCK-10,10,Python OOP
B10-M2,Order the code for BLOCK-10 (JUNIOR):,"[""def __init__(self):"", ""self.name = name"", ""class Jenga:""]","[2, 0, 1]",JUNIOR,2,TRUE,BLOCK-10,10,Python OOP
B10-S1,Order the code for BLOCK-10 (SENIOR):,"[""def __init__(self):"", ""self.name = name"", ""class Jenga:""]","[2, 0, 1]",SENIOR,1,TRUE,BLOCK-10,10,Python OOP
B10-S2,Order the code for BLOCK-10 (SENIOR):,"[""def __init__(self):"", ""self.name = name"", ""class Jenga:""]","[2, 0, 1]",SENIOR,2,TRUE,BLOCK-10,10,Python OOP
B11-E1,Order the code for BLOCK-11 (ENTRY):,"[""def __init__(self):"", ""self.name = name"", ""class Jenga:""]","[2, 0, 1]",ENTRY,1,FALSE,BLOCK-11,11,Python OOP
B11-E2,Order the code for BLOCK-11 (ENTRY):,"[""def __init__(self):"", ""self.name = name"", ""class Jenga:""]","[2, 0, 1]",ENTRY,2,FALSE,BLOCK-11,11,Python OOP
B11-M1,Order the code for BLOCK-11 (JUNIOR):,"[""def __init__(self):"", ""self.name = name"", ""class Jenga:""]","[2, 0, 1]",JUNIOR,1,TRUE,BLOCK-11,11,Python OOP
B11-M2,Order the code for BLOCK-11 (JUNIOR):,"[""def __init__(self):"", ""self.name = name"", ""class Jenga:""]","[2, 0, 1]",JUNIOR,2,TRUE,BLOCK-11,11,Python OOP
B11-S1,Order the code for BLOCK-11 (SENIOR):,"[""def __init__(self):"", ""self.name = name"", ""class Jenga:""]","[2, 0, 1]",SENIOR,1,TRUE,BLOCK-11,11,Python OOP
B11-S2,Order the code for BLOCK-11 (SENIOR):,"[""def __init__(self):"", ""self.name = name"", ""class Jenga:""]","[2, 0, 1]",SENIOR,2,TRUE,BLOCK-11,11,Python OOP
B12-E1,Order the code for BLOCK-12 (ENTRY):,"[""def __init__(self):"", ""self.name = name"", ""class Jenga:""]","[2, 0, 1]",ENTRY,1,FALSE,BLOCK-12,12,Python OOP
B12-E2,Order the code for BLOCK-12 (ENTRY):,"[""def __init__(self):"", ""self.name = name"", ""class Jenga:""]","[2, 0, 1]",ENTRY,2,FALSE,BLOCK-12,12,Python OOP
B12-M1,Order the code for BLOCK-12 (JUNIOR):,"[""def __init__(self):"", ""self.name = name"", ""class Jenga:""]","[2, 0, 1]",JUNIOR,1,TRUE,BLOCK-12,12,Python OOP
B12-M2,Order the code for BLOCK-12 (JUNIOR):,"[""def __init__(self):"", ""self.name = name"", ""class Jenga:""]","[2, 0, 1]",JUNIOR,2,TRUE,BLOCK-12,12,Python OOP
B12-S1,Order the code for BLOCK-12 (SENIOR):,"[""def __init__(self):"", ""self.name = name"", ""class Jenga:""]","[2, 0, 1]",SENIOR,1,TRUE,BLOCK-12,12,Python OOP
B12-S2,Order the code for BLOCK-12 (SENIOR):,"[""def __init__(self):"", ""self.name = name"", ""class Jenga:""]","[2, 0, 1]",SENIOR,2,TRUE,BLOCK-12,12,Python OOP
B13-E1,Order the code for BLOCK-13 (ENTRY):,"[""def __init__(self):"", ""self.name = name"", ""class Jenga:""]","[2, 0, 1]",ENTRY,1,FALSE,BLOCK-13,13,Python OOP
B13-E2,Order the code for BLOCK-13 (ENTRY):,"[""def __init__(self):"", ""self.name = name"", ""class Jenga:""]","[2, 0, 1]",ENTRY,2,FALSE,BLOCK-13,13,Python OOP
B13-M1,Order the code for BLOCK-13 (JUNIOR):,"[""def __init__(self):"", ""self.name = name"", ""class Jenga:""]","[2, 0, 1]",JUNIOR,1,TRUE,BLOCK-13,13,Python OOP
B13-M2,Order the code for BLOCK-13 (JUNIOR):,"[""def __init__(self):"", ""self.name = name"", ""class Jenga:""]","[2, 0, 1]",JUNIOR,2,TRUE,BLOCK-13,13,Python OOP
B13-S1,Order the code for BLOCK-13 (SENIOR):,"[""def __init__(self):"", ""self.name = name"", ""class Jenga:""]","[2, 0, 1]",SENIOR,1,TRUE,BLOCK-13,13,Python OOP
B13-S2,Order the code for BLOCK-13 (SENIOR):,"[""def __init__(self):"", ""self.name = name"", ""class Jenga:""]","[2, 0, 1]",SENIOR,2,TRUE,BLOCK-13,13,Python OOP
B14-E1,Order the code for BLOCK-14 (ENTRY):,"[""def __init__(self):"", ""self.name = name"", ""class Jenga:""]","[2, 0, 1]",ENTRY,1,FALSE,BLOCK-14,14,Python OOP
B14-E2,Order the code for BLOCK-14 (ENTRY):,"[""def __init__(self):"", ""self.name = name"", ""class Jenga:""]","[2, 0, 1]",ENTRY,2,FALSE,BLOCK-14,14,Python OOP
B14-M1,Order the code for BLOCK-14 (JUNIOR):,"[""def __init__(self):"", ""self.name = name"", ""class Jenga:""]","[2, 0, 1]",JUNIOR,1,TRUE,BLOCK-14,14,Python OOP
B14-M2,Order the code for BLOCK-14 (JUNIOR):,"[""def __init__(self):"", ""self.name = name"", ""class Jenga:""]","[2, 0, 1]",JUNIOR,2,TRUE,BLOCK-14,14,Python OOP
B14-S1,Order the code for BLOCK-14 (SENIOR):,"[""def __init__(self):"", ""self.name = name"", ""class Jenga:""]","[2, 0, 1]",SENIOR,1,TRUE,BLOCK-14,14,Python OOP
B14-S2,Order the code for BLOCK-14 (SENIOR):,"[""def __init__(self):"", ""self.name = name"", ""class Jenga:""]","[2, 0, 1]",SENIOR,2,TRUE,BLOCK-14,14,Python OOP
B15-E1,Order the code for BLOCK-15 (ENTRY):,"[""def __init__(self):"", ""self.name = name"", ""class Jenga:""]","[2, 0, 1]",ENTRY,1,FALSE,BLOCK-15,15,Python OOP
B15-E2,Order the code for BLOCK-15 (ENTRY):,"[""def __init__(self):"", ""self.name = name"", ""class Jenga:""]","[2, 0, 1]",ENTRY,2,FALSE,BLOCK-15,15,Python OOP
B15-M1,Order the code for BLOCK-15 (JUNIOR):,"[""def __init__(self):"", ""self.name = name"", ""class Jenga:""]","[2, 0, 1]",JUNIOR,1,TRUE,BLOCK-15,15,Python OOP
B15-M2,Order the code for BLOCK-15 (JUNIOR):,"[""def __init__(self):"", ""self.name = name"", ""class Jenga:""]","[2, 0, 1]",JUNIOR,2,TRUE,BLOCK-15,15,Python OOP
B15-S1,Order the code for BLOCK-15 (SENIOR):,"[""def __init__(self):"", ""self.name = name"", ""class Jenga:""]","[2, 0, 1]",SENIOR,1,TRUE,BLOCK-15,15,Python OOP
B15-S2,Order the code for BLOCK-15 (SENIOR):,"[""def __init__(self):"", ""self.name = name"", ""class Jenga:""]","[2, 0, 1]",SENIOR,2,TRUE,BLOCK-15,15,Python OOP
B16-E1,Order the code for BLOCK-16 (ENTRY):,"[""def __init__(self):"", ""self.name = name"", ""class Jenga:""]","[2, 0, 1]",ENTRY,1,FALSE,BLOCK-16,16,Python OOP
B16-E2,Order the code for BLOCK-16 (ENTRY):,"[""def __init__(self):"", ""self.name = name"", ""class Jenga:""]","[2, 0, 1]",ENTRY,2,FALSE,BLOCK-16,16,Python OOP
B16-M1,Order the code for BLOCK-16 (JUNIOR):,"[""def __init__(self):"", ""self.name = name"", ""class Jenga:""]","[2, 0, 1]",JUNIOR,1,TRUE,BLOCK-16,16,Python OOP
B16-M2,Order the code for BLOCK-16 (JUNIOR):,"[""def __init__(self):"", ""self.name = name"", ""class Jenga:""]","[2, 0, 1]",JUNIOR,2,TRUE,BLOCK-16,16,Python OOP
B16-S1,Order the code for BLOCK-16 (SENIOR):,"[""def __init__(self):"", ""self.name = name"", ""class Jenga:""]","[2, 0, 1]",SENIOR,1,TRUE,BLOCK-16,16,Python OOP
B16-S2,Order the code for BLOCK-16 (SENIOR):,"[""def __init__(self):"", ""self.name = name"", ""class Jenga:""]","[2, 0, 1]",SENIOR,2,TRUE,BLOCK-16,16,Python OOP
B17-E1,Order the code for BLOCK-17 (ENTRY):,"[""def __init__(self):"", ""self.name = name"", ""class Jenga:""]","[2, 0, 1]",ENTRY,1,FALSE,BLOCK-17,17,Python OOP
B17-E2,Order the code for BLOCK-17 (ENTRY):,"[""def __init__(self):"", ""self.name = name"", ""class Jenga:""]","[2, 0, 1]",ENTRY,2,FALSE,BLOCK-17,17,Python OOP
B17-M1,Order the code for BLOCK-17 (JUNIOR):,"[""def __init__(self):"", ""self.name = name"", ""class Jenga:""]","[2, 0, 1]",JUNIOR,1,TRUE,BLOCK-17,17,Python OOP
B17-M2,Order the code for BLOCK-17 (JUNIOR):,"[""def __init__(self):"", ""self.name = name"", ""class Jenga:""]","[2, 0, 1]",JUNIOR,2,TRUE,BLOCK-17,17,Python OOP
B17-S1,Order the code for BLOCK-17 (SENIOR):,"[""def __init__(self):"", ""self.name = name"", ""class Jenga:""]","[2, 0, 1]",SENIOR,1,TRUE,BLOCK-17,17,Python OOP
B17-S2,Order the code for BLOCK-17 (SENIOR):,"[""def __init__(self):"", ""self.name = name"", ""class Jenga:""]","[2, 0, 1]",SENIOR,2,TRUE,BLOCK-17,17,Python OOP
B18-E1,Order the code for BLOCK-18 (ENTRY):,"[""def __init__(self):"", ""self.name = name"", ""class Jenga:""]","[2, 0, 1]",ENTRY,1,FALSE,BLOCK-18,18,Python OOP
B18-E2,Order the code for BLOCK-18 (ENTRY):,"[""def __init__(self):"", ""self.name = name"", ""class Jenga:""]","[2, 0, 1]",ENTRY,2,FALSE,BLOCK-18,18,Python OOP
B18-M1,Order the code for BLOCK-18 (JUNIOR):,"[""def __init__(self):"", ""self.name = name"", ""class Jenga:""]","[2, 0, 1]",JUNIOR,1,TRUE,BLOCK-18,18,Python OOP
B18-M2,Order the code for BLOCK-18 (JUNIOR):,"[""def __init__(self):"", ""self.name = name"", ""class Jenga:""]","[2, 0, 1]",JUNIOR,2,TRUE,BLOCK-18,18,Python OOP
B18-S1,Order the code for BLOCK-18 (SENIOR):,"[""def __init__(self):"", ""self.name = name"", ""class Jenga:""]","[2, 0, 1]",SENIOR,1,TRUE,BLOCK-18,18,Python OOP
B18-S2,Order the code for BLOCK-18 (SENIOR):,"[""def __init__(self):"", ""self.name = name"", ""class Jenga:""]","[2, 0, 1]",SENIOR,2,TRUE,BLOCK-18,18,Python OOP
B19-E1,Order the code for BLOCK-19 (ENTRY):,"[""def __init__(self):"", ""self.name = name"", ""class Jenga:""]","[2, 0, 1]",ENTRY,1,FALSE,BLOCK-19,19,Python OOP
B19-E2,Order the code for BLOCK-19 (ENTRY):,"[""def __init__(self):"", ""self.name = name"", ""class Jenga:""]","[2, 0, 1]",ENTRY,2,FALSE,BLOCK-19,19,Python OOP
B19-M1,Order the code for BLOCK-19 (JUNIOR):,"[""def __init__(self):"", ""self.name = name"", ""class Jenga:""]","[2, 0, 1]",JUNIOR,1,TRUE,BLOCK-19,19,Python OOP
B19-M2,Order the code for BLOCK-19 (JUNIOR):,"[""def __init__(self):"", ""self.name = name"", ""class Jenga:""]","[2, 0, 1]",JUNIOR,2,TRUE,BLOCK-19,19,Python OOP
B19-S1,Order the code for BLOCK-19 (SENIOR):,"[""def __init__(self):"", ""self.name = name"", ""class Jenga:""]","[2, 0, 1]",SENIOR,1,TRUE,BLOCK-19,19,Python OOP
B19-S2,Order the code for BLOCK-19 (SENIOR):,"[""def __init__(self):"", ""self.name = name"", ""class Jenga:""]","[2, 0, 1]",SENIOR,2,TRUE,BLOCK-19,19,Python OOP
B20-E1,Order the code for BLOCK-20 (ENTRY):,"[""def __init__(self):"", ""self.name = name"", ""class Jenga:""]","[2, 0, 1]",ENTRY,1,FALSE,BLOCK-20,20,Python OOP
B20-E2,Order the code for BLOCK-20 (ENTRY):,"[""def __init__(self):"", ""self.name = name"", ""class Jenga:""]","[2, 0, 1]",ENTRY,2,FALSE,BLOCK-20,20,Python OOP
B20-M1,Order the code for BLOCK-20 (JUNIOR):,"[""def __init__(self):"", ""self.name = name"", ""class Jenga:""]","[2, 0, 1]",JUNIOR,1,TRUE,BLOCK-20,20,Python OOP
B20-M2,Order the code for BLOCK-20 (JUNIOR):,"[""def __init__(self):"", ""self.name = name"", ""class Jenga:""]","[2, 0, 1]",JUNIOR,2,TRUE,BLOCK-20,20,Python OOP
B20-S1,Order the code for BLOCK-20 (SENIOR):,"[""def __init__(self):"", ""self.name = name"", ""class Jenga:""]","[2, 0, 1]",SENIOR,1,TRUE,BLOCK-20,20,Python OOP
B20-S2,Order the code for BLOCK-20 (SENIOR):,"[""def __init__(self):"", ""self.name = name"", ""class Jenga:""]","[2, 0, 1]",SENIOR,2,TRUE,BLOCK-20,20,Python OOP
B21-E1,Order the code for BLOCK-21 (ENTRY):,"[""def __init__(self):"", ""self.name = name"", ""class Jenga:""]","[2, 0, 1]",ENTRY,1,FALSE,BLOCK-21,21,Python OOP
B21-E2,Order the code for BLOCK-21 (ENTRY):,"[""def __init__(self):"", ""self.name = name"", ""class Jenga:""]","[2, 0, 1]",ENTRY,2,FALSE,BLOCK-21,21,Python OOP
B21-M1,Order the code for BLOCK-21 (JUNIOR):,"[""def __init__(self):"", ""self.name = name"", ""class Jenga:""]","[2, 0, 1]",JUNIOR,1,TRUE,BLOCK-21,21,Python OOP
B21-M2,Order the code for BLOCK-21 (JUNIOR):,"[""def __init__(self):"", ""self.name = name"", ""class Jenga:""]","[2, 0, 1]",JUNIOR,2,TRUE,BLOCK-21,21,Python OOP
B21-S1,Order the code for BLOCK-21 (SENIOR):,"[""def __init__(self):"", ""self.name = name"", ""class Jenga:""]","[2, 0, 1]",SENIOR,1,TRUE,BLOCK-21,21,Python OOP
B21-S2,Order the code for BLOCK-21 (SENIOR):,"[""def __init__(self):"", ""self.name = name"", ""class Jenga:""]","[2, 0, 1]",SENIOR,2,TRUE,BLOCK-21,21,Python OOP
B22-E1,Order the code for BLOCK-22 (ENTRY):,"[""def __init__(self):"", ""self.name = name"", ""class Jenga:""]","[2, 0, 1]",ENTRY,1,FALSE,BLOCK-22,22,Python OOP
B22-E2,Order the code for BLOCK-22 (ENTRY):,"[""def __init__(self):"", ""self.name = name"", ""class Jenga:""]","[2, 0, 1]",ENTRY,2,FALSE,BLOCK-22,22,Python OOP
B22-M1,Order the code for BLOCK-22 (JUNIOR):,"[""def __init__(self):"", ""self.name = name"", ""class Jenga:""]","[2, 0, 1]",JUNIOR,1,TRUE,BLOCK-22,22,Python OOP
B22-M2,Order the code for BLOCK-22 (JUNIOR):,"[""def __init__(self):"", ""self.name = name"", ""class Jenga:""]","[2, 0, 1]",JUNIOR,2,TRUE,BLOCK-22,22,Python OOP
B22-S1,Order the code for BLOCK-22 (SENIOR):,"[""def __init__(self):"", ""self.name = name"", ""class Jenga:""]","[2, 0, 1]",SENIOR,1,TRUE,BLOCK-22,22,Python OOP
B22-S2,Order the code for BLOCK-22 (SENIOR):,"[""def __init__(self):"", ""self.name = name"", ""class Jenga:""]","[2, 0, 1]",SENIOR,2,TRUE,BLOCK-22,22,Python OOP
B23-E1,Order the code for BLOCK-23 (ENTRY):,"[""def __init__(self):"", ""self.name = name"", ""class Jenga:""]","[2, 0, 1]",ENTRY,1,FALSE,BLOCK-23,23,Python OOP
B23-E2,Order the code for BLOCK-23 (ENTRY):,"[""def __init__(self):"", ""self.name = name"", ""class Jenga:""]","[2, 0, 1]",ENTRY,2,FALSE,BLOCK-23,23,Python OOP
B23-M1,Order the code for BLOCK-23 (JUNIOR):,"[""def __init__(self):"", ""self.name = name"", ""class Jenga:""]","[2, 0, 1]",JUNIOR,1,TRUE,BLOCK-23,23,Python OOP
B23-M2,Order the code for BLOCK-23 (JUNIOR):,"[""def __init__(self):"", ""self.name = name"", ""class Jenga:""]","[2, 0, 1]",JUNIOR,2,TRUE,BLOCK-23,23,Python OOP
B23-S1,Order the code for BLOCK-23 (SENIOR):,"[""def __init__(self):"", ""self.name = name"", ""class Jenga:""]","[2, 0, 1]",SENIOR,1,TRUE,BLOCK-23,23,Python OOP
B23-S2,Order the code for BLOCK-23 (SENIOR):,"[""def __init__(self):"", ""self.name = name"", ""class Jenga:""]","[2, 0, 1]",SENIOR,2,TRUE,BLOCK-23,23,Python OOP
B24-E1,Order the code for BLOCK-24 (ENTRY):,"[""def __init__(self):"", ""self.name = name"", ""class Jenga:""]","[2, 0, 1]",ENTRY,1,FALSE,BLOCK-24,24,Python OOP
B24-E2,Order the code for BLOCK-24 (ENTRY):,"[""def __init__(self):"", ""self.name = name"", ""class Jenga:""]","[2, 0, 1]",ENTRY,2,FALSE,BLOCK-24,24,Python OOP
B24-M1,Order the code for BLOCK-24 (JUNIOR):,"[""def __init__(self):"", ""self.name = name"", ""class Jenga:""]","[2, 0, 1]",JUNIOR,1,TRUE,BLOCK-24,24,Python OOP
B24-M2,Order the code for BLOCK-24 (JUNIOR):,"[""def __init__(self):"", ""self.name = name"", ""class Jenga:""]","[2, 0, 1]",JUNIOR,2,TRUE,BLOCK-24,24,Python OOP
B24-S1,Order the code for BLOCK-24 (SENIOR):,"[""def __init__(self):"", ""self.name = name"", ""class Jenga:""]","[2, 0, 1]",SENIOR,1,TRUE,BLOCK-24,24,Python OOP
B24-S2,Order the code for BLOCK-24 (SENIOR):,"[""def __init__(self):"", ""self.name = name"", ""class Jenga:""]","[2, 0, 1]",SENIOR,2,TRUE,BLOCK-24,24,Python OOP
B25-E1,Order the code for BLOCK-25 (ENTRY):,"[""def __init__(self):"", ""self.name = name"", ""class Jenga:""]","[2, 0, 1]",ENTRY,1,FALSE,BLOCK-25,25,Python OOP
B25-E2,Order the code for BLOCK-25 (ENTRY):,"[""def __init__(self):"", ""self.name = name"", ""class Jenga:""]","[2, 0, 1]",ENTRY,2,FALSE,BLOCK-25,25,Python OOP
B25-M1,Order the code for BLOCK-25 (JUNIOR):,"[""def __init__(self):"", ""self.name = name"", ""class Jenga:""]","[2, 0, 1]",JUNIOR,1,TRUE,BLOCK-25,25,Python OOP
B25-M2,Order the code for BLOCK-25 (JUNIOR):,"[""def __init__(self):"", ""self.name = name"", ""class Jenga:""]","[2, 0, 1]",JUNIOR,2,TRUE,BLOCK-25,25,Python OOP
B25-S1,Order the code for BLOCK-25 (SENIOR):,"[""def __init__(self):"", ""self.name = name"", ""class Jenga:""]","[2, 0, 1]",SENIOR,1,TRUE,BLOCK-25,25,Python OOP
B25-S2,Order the code for BLOCK-25 (SENIOR):,"[""def __init__(self):"", ""self.name = name"", ""class Jenga:""]","[2, 0, 1]",SENIOR,2,TRUE,BLOCK-25,25,Python OOP
B26-E1,Order the code for BLOCK-26 (ENTRY):,"[""def __init__(self):"", ""self.name = name"", ""class Jenga:""]","[2, 0, 1]",ENTRY,1,FALSE,BLOCK-26,26,Python OOP
B26-E2,Order the code for BLOCK-26 (ENTRY):,"[""def __init__(self):"", ""self.name = name"", ""class Jenga:""]","[2, 0, 1]",ENTRY,2,FALSE,BLOCK-26,26,Python OOP
B26-M1,Order the code for BLOCK-26 (JUNIOR):,"[""def __init__(self):"", ""self.name = name"", ""class Jenga:""]","[2, 0, 1]",JUNIOR,1,TRUE,BLOCK-26,26,Python OOP
B26-M2,Order the code for BLOCK-26 (JUNIOR):,"[""def __init__(self):"", ""self.name = name"", ""class Jenga:""]","[2, 0, 1]",JUNIOR,2,TRUE,BLOCK-26,26,Python OOP
B26-S1,Order the code for BLOCK-26 (SENIOR):,"[""def __init__(self):"", ""self.name = name"", ""class Jenga:""]","[2, 0, 1]",SENIOR,1,TRUE,BLOCK-26,26,Python OOP
B26-S2,Order the code for BLOCK-26 (SENIOR):,"[""def __init__(self):"", ""self.name = name"", ""class Jenga:""]","[2, 0, 1]",SENIOR,2,TRUE,BLOCK-26,26,Python OOP
B27-E1,Order the code for BLOCK-27 (ENTRY):,"[""def __init__(self):"", ""self.name = name"", ""class Jenga:""]","[2, 0, 1]",ENTRY,1,FALSE,BLOCK-27,27,Python OOP
B27-E2,Order the code for BLOCK-27 (ENTRY):,"[""def __init__(self):"", ""self.name = name"", ""class Jenga:""]","[2, 0, 1]",ENTRY,2,FALSE,BLOCK-27,27,Python OOP
B27-M1,Order the code for BLOCK-27 (JUNIOR):,"[""def __init__(self):"", ""self.name = name"", ""class Jenga:""]","[2, 0, 1]",JUNIOR,1,TRUE,BLOCK-27,27,Python OOP
B27-M2,Order the code for BLOCK-27 (JUNIOR):,"[""def __init__(self):"", ""self.name = name"", ""class Jenga:""]","[2, 0, 1]",JUNIOR,2,TRUE,BLOCK-27,27,Python OOP
B27-S1,Order the code for BLOCK-27 (SENIOR):,"[""def __init__(self):"", ""self.name = name"", ""class Jenga:""]","[2, 0, 1]",SENIOR,1,TRUE,BLOCK-27,27,Python OOP
B27-S2,Order the code for BLOCK-27 (SENIOR):,"[""def __init__(self):"", ""self.name = name"", ""class Jenga:""]","[2, 0, 1]",SENIOR,2,TRUE,BLOCK-27,27,Python OOP
B28-E1,Order the code for BLOCK-28 (ENTRY):,"[""def __init__(self):"", ""self.name = name"", ""class Jenga:""]","[2, 0, 1]",ENTRY,1,FALSE,BLOCK-28,28,Python OOP
B28-E2,Order the code for BLOCK-28 (ENTRY):,"[""def __init__(self):"", ""self.name = name"", ""class Jenga:""]","[2, 0, 1]",ENTRY,2,FALSE,BLOCK-28,28,Python OOP
B28-M1,Order the code for BLOCK-28 (JUNIOR):,"[""def __init__(self):"", ""self.name = name"", ""class Jenga:""]","[2, 0, 1]",JUNIOR,1,TRUE,BLOCK-28,28,Python OOP
B28-M2,Order the code for BLOCK-28 (JUNIOR):,"[""def __init__(self):"", ""self.name = name"", ""class Jenga:""]","[2, 0, 1]",JUNIOR,2,TRUE,BLOCK-28,28,Python OOP
B28-S1,Order the code for BLOCK-28 (SENIOR):,"[""def __init__(self):"", ""self.name = name"", ""class Jenga:""]","[2, 0, 1]",SENIOR,1,TRUE,BLOCK-28,28,Python OOP
B28-S2,Order the code for BLOCK-28 (SENIOR):,"[""def __init__(self):"", ""self.name = name"", ""class Jenga:""]","[2, 0, 1]",SENIOR,2,TRUE,BLOCK-28,28,Python OOP
B29-E1,Order the code for BLOCK-29 (ENTRY):,"[""def __init__(self):"", ""self.name = name"", ""class Jenga:""]","[2, 0, 1]",ENTRY,1,FALSE,BLOCK-29,29,Python OOP
B29-E2,Order the code for BLOCK-29 (ENTRY):,"[""def __init__(self):"", ""self.name = name"", ""class Jenga:""]","[2, 0, 1]",ENTRY,2,FALSE,BLOCK-29,29,Python OOP
B29-M1,Order the code for BLOCK-29 (JUNIOR):,"[""def __init__(self):"", ""self.name = name"", ""class Jenga:""]","[2, 0, 1]",JUNIOR,1,TRUE,BLOCK-29,29,Python OOP
B29-M2,Order the code for BLOCK-29 (JUNIOR):,"[""def __init__(self):"", ""self.name = name"", ""class Jenga:""]","[2, 0, 1]",JUNIOR,2,TRUE,BLOCK-29,29,Python OOP
B29-S1,Order the code for BLOCK-29 (SENIOR):,"[""def __init__(self):"", ""self.name = name"", ""class Jenga:""]","[2, 0, 1]",SENIOR,1,TRUE,BLOCK-29,29,Python OOP
B29-S2,Order the code for BLOCK-29 (SENIOR):,"[""def __init__(self):"", ""self.name = name"", ""class Jenga:""]","[2, 0, 1]",SENIOR,2,TRUE,BLOCK-29,29,Python OOP
B30-E1,Order the code for BLOCK-30 (ENTRY):,"[""def __init__(self):"", ""self.name = name"", ""class Jenga:""]","[2, 0, 1]",ENTRY,1,FALSE,BLOCK-30,30,Python OOP
B30-E2,Order the code for BLOCK-30 (ENTRY):,"[""def __init__(self):"", ""self.name = name"", ""class Jenga:""]","[2, 0, 1]",ENTRY,2,FALSE,BLOCK-30,30,Python OOP
B30-M1,Order the code for BLOCK-30 (JUNIOR):,"[""def __init__(self):"", ""self.name = name"", ""class Jenga:""]","[2, 0, 1]",JUNIOR,1,TRUE,BLOCK-30,30,Python OOP
B30-M2,Order the code for BLOCK-30 (JUNIOR):,"[""def __init__(self):"", ""self.name = name"", ""class Jenga:""]","[2, 0, 1]",JUNIOR,2,TRUE,BLOCK-30,30,Python OOP
B30-S1,Order the code for BLOCK-30 (SENIOR):,"[""def __init__(self):"", ""self.name = name"", ""class Jenga:""]","[2, 0, 1]",SENIOR,1,TRUE,BLOCK-30,30,Python OOP
B30-S2,Order the code for BLOCK-30 (SENIOR):,"[""def __init__(self):"", ""self.name = name"", ""class Jenga:""]","[2, 0, 1]",SENIOR,2,TRUE,BLOCK-30,30,Python OOP
B31-E1,Order the code for BLOCK-31 (ENTRY):,"[""def __init__(self):"", ""self.name = name"", ""class Jenga:""]","[2, 0, 1]",ENTRY,1,FALSE,BLOCK-31,31,Python OOP
B31-E2,Order the code for BLOCK-31 (ENTRY):,"[""def __init__(self):"", ""self.name = name"", ""class Jenga:""]","[2, 0, 1]",ENTRY,2,FALSE,BLOCK-31,31,Python OOP
B31-M1,Order the code for BLOCK-31 (JUNIOR):,"[""def __init__(self):"", ""self.name = name"", ""class Jenga:""]","[2, 0, 1]",JUNIOR,1,TRUE,BLOCK-31,31,Python OOP
B31-M2,Order the code for BLOCK-31 (JUNIOR):,"[""def __init__(self):"", ""self.name = name"", ""class Jenga:""]","[2, 0, 1]",JUNIOR,2,TRUE,BLOCK-31,31,Python OOP
B31-S1,Order the code for BLOCK-31 (SENIOR):,"[""def __init__(self):"", ""self.name = name"", ""class Jenga:""]","[2, 0, 1]",SENIOR,1,TRUE,BLOCK-31,31,Python OOP
B31-S2,Order the code for BLOCK-31 (SENIOR):,"[""def __init__(self):"", ""self.name = name"", ""class Jenga:""]","[2, 0, 1]",SENIOR,2,TRUE,BLOCK-31,31,Python OOP
B32-E1,Order the code for BLOCK-32 (ENTRY):,"[""def __init__(self):"", ""self.name = name"", ""class Jenga:""]","[2, 0, 1]",ENTRY,1,FALSE,BLOCK-32,32,Python OOP
B32-E2,Order the code for BLOCK-32 (ENTRY):,"[""def __init__(self):"", ""self.name = name"", ""class Jenga:""]","[2, 0, 1]",ENTRY,2,FALSE,BLOCK-32,32,Python OOP
B32-M1,Order the code for BLOCK-32 (JUNIOR):,"[""def __init__(self):"", ""self.name = name"", ""class Jenga:""]","[2, 0, 1]",JUNIOR,1,TRUE,BLOCK-32,32,Python OOP
B32-M2,Order the code for BLOCK-32 (JUNIOR):,"[""def __init__(self):"", ""self.name = name"", ""class Jenga:""]","[2, 0, 1]",JUNIOR,2,TRUE,BLOCK-32,32,Python OOP
B32-S1,Order the code for BLOCK-32 (SENIOR):,"[""def __init__(self):"", ""self.name = name"", ""class Jenga:""]","[2, 0, 1]",SENIOR,1,TRUE,BLOCK-32,32,Python OOP
B32-S2,Order the code for BLOCK-32 (SENIOR):,"[""def __init__(self):"", ""self.name = name"", ""class Jenga:""]","[2, 0, 1]",SENIOR,2,TRUE,BLOCK-32,32,Python OOP
B33-E1,Order the code for BLOCK-33 (ENTRY):,"[""def __init__(self):"", ""self.name = name"", ""class Jenga:""]","[2, 0, 1]",ENTRY,1,FALSE,BLOCK-33,33,Python OOP
B33-E2,Order the code for BLOCK-33 (ENTRY):,"[""def __init__(self):"", ""self.name = name"", ""class Jenga:""]","[2, 0, 1]",ENTRY,2,FALSE,BLOCK-33,33,Python OOP
B33-M1,Order the code for BLOCK-33 (JUNIOR):,"[""def __init__(self):"", ""self.name = name"", ""class Jenga:""]","[2, 0, 1]",JUNIOR,1,TRUE,BLOCK-33,33,Python OOP
B33-M2,Order the code for BLOCK-33 (JUNIOR):,"[""def __init__(self):"", ""self.name = name"", ""class Jenga:""]","[2, 0, 1]",JUNIOR,2,TRUE,BLOCK-33,33,Python OOP
B33-S1,Order the code for BLOCK-33 (SENIOR):,"[""def __init__(self):"", ""self.name = name"", ""class Jenga:""]","[2, 0, 1]",SENIOR,1,TRUE,BLOCK-33,33,Python OOP
B33-S2,Order the code for BLOCK-33 (SENIOR):,"[""def __init__(self):"", ""self.name = name"", ""class Jenga:""]","[2, 0, 1]",SENIOR,2,TRUE,BLOCK-33,33,Python OOP
B34-E1,Order the code for BLOCK-34 (ENTRY):,"[""def __init__(self):"", ""self.name = name"", ""class Jenga:""]","[2, 0, 1]",ENTRY,1,FALSE,BLOCK-34,34,Python OOP
B34-E2,Order the code for BLOCK-34 (ENTRY):,"[""def __init__(self):"", ""self.name = name"", ""class Jenga:""]","[2, 0, 1]",ENTRY,2,FALSE,BLOCK-34,34,Python OOP
B34-M1,Order the code for BLOCK-34 (JUNIOR):,"[""def __init__(self):"", ""self.name = name"", ""class Jenga:""]","[2, 0, 1]",JUNIOR,1,TRUE,BLOCK-34,34,Python OOP
B34-M2,Order the code for BLOCK-34 (JUNIOR):,"[""def __init__(self):"", ""self.name = name"", ""class Jenga:""]","[2, 0, 1]",JUNIOR,2,TRUE,BLOCK-34,34,Python OOP
B34-S1,Order the code for BLOCK-34 (SENIOR):,"[""def __init__(self):"", ""self.name = name"", ""class Jenga:""]","[2, 0, 1]",SENIOR,1,TRUE,BLOCK-34,34,Python OOP
B34-S2,Order the code for BLOCK-34 (SENIOR):,"[""def __init__(self):"", ""self.name = name"", ""class Jenga:""]","[2, 0, 1]",SENIOR,2,TRUE,BLOCK-34,34,Python OOP
B35-E1,Order the code for BLOCK-35 (ENTRY):,"[""def __init__(self):"", ""self.name = name"", ""class Jenga:""]","[2, 0, 1]",ENTRY,1,FALSE,BLOCK-35,35,Python OOP
B35-E2,Order the code for BLOCK-35 (ENTRY):,"[""def __init__(self):"", ""self.name = name"", ""class Jenga:""]","[2, 0, 1]",ENTRY,2,FALSE,BLOCK-35,35,Python OOP
B35-M1,Order the code for BLOCK-35 (JUNIOR):,"[""def __init__(self):"", ""self.name = name"", ""class Jenga:""]","[2, 0, 1]",JUNIOR,1,TRUE,BLOCK-35,35,Python OOP
B35-M2,Order the code for BLOCK-35 (JUNIOR):,"[""def __init__(self):"", ""self.name = name"", ""class Jenga:""]","[2, 0, 1]",JUNIOR,2,TRUE,BLOCK-35,35,Python OOP
B35-S1,Order the code for BLOCK-35 (SENIOR):,"[""def __init__(self):"", ""self.name = name"", ""class Jenga:""]","[2, 0, 1]",SENIOR,1,TRUE,BLOCK-35,35,Python OOP
B35-S2,Order the code for BLOCK-35 (SENIOR):,"[""def __init__(self):"", ""self.name = name"", ""class Jenga:""]","[2, 0, 1]",SENIOR,2,TRUE,BLOCK-35,35,Python OOP
B36-E1,Order the code for BLOCK-36 (ENTRY):,"[""def __init__(self):"", ""self.name = name"", ""class Jenga:""]","[2, 0, 1]",ENTRY,1,FALSE,BLOCK-36,36,Python OOP
B36-E2,Order the code for BLOCK-36 (ENTRY):,"[""def __init__(self):"", ""self.name = name"", ""class Jenga:""]","[2, 0, 1]",ENTRY,2,FALSE,BLOCK-36,36,Python OOP
B36-M1,Order the code for BLOCK-36 (JUNIOR):,"[""def __init__(self):"", ""self.name = name"", ""class Jenga:""]","[2, 0, 1]",JUNIOR,1,TRUE,BLOCK-36,36,Python OOP
B36-M2,Order the code for BLOCK-36 (JUNIOR):,"[""def __init__(self):"", ""self.name = name"", ""class Jenga:""]","[2, 0, 1]",JUNIOR,2,TRUE,BLOCK-36,36,Python OOP
B36-S1,Order the code for BLOCK-36 (SENIOR):,"[""def __init__(self):"", ""self.name = name"", ""class Jenga:""]","[2, 0, 1]",SENIOR,1,TRUE,BLOCK-36,36,Python OOP
B36-S2,Order the code for BLOCK-36 (SENIOR):,"[""def __init__(self):"", ""self.name = name"", ""class Jenga:""]","[2, 0, 1]",SENIOR,2,TRUE,BLOCK-36,36,Python OOP
B37-E1,Order the code for BLOCK-37 (ENTRY):,"[""def __init__(self):"", ""self.name = name"", ""class Jenga:""]","[2, 0, 1]",ENTRY,1,FALSE,BLOCK-37,37,Python OOP
B37-E2,Order the code for BLOCK-37 (ENTRY):,"[""def __init__(self):"", ""self.name = name"", ""class Jenga:""]","[2, 0, 1]",ENTRY,2,FALSE,BLOCK-37,37,Python OOP
B37-M1,Order the code for BLOCK-37 (JUNIOR):,"[""def __init__(self):"", ""self.name = name"", ""class Jenga:""]","[2, 0, 1]",JUNIOR,1,TRUE,BLOCK-37,37,Python OOP
B37-M2,Order the code for BLOCK-37 (JUNIOR):,"[""def __init__(self):"", ""self.name = name"", ""class Jenga:""]","[2, 0, 1]",JUNIOR,2,TRUE,BLOCK-37,37,Python OOP
B37-S1,Order the code for BLOCK-37 (SENIOR):,"[""def __init__(self):"", ""self.name = name"", ""class Jenga:""]","[2, 0, 1]",SENIOR,1,TRUE,BLOCK-37,37,Python OOP
B37-S2,Order the code for BLOCK-37 (SENIOR):,"[""def __init__(self):"", ""self.name = name"", ""class Jenga:""]","[2, 0, 1]",SENIOR,2,TRUE,BLOCK-37,37,Python OOP
B38-E1,Order the code for BLOCK-38 (ENTRY):,"[""def __init__(self):"", ""self.name = name"", ""class Jenga:""]","[2, 0, 1]",ENTRY,1,FALSE,BLOCK-38,38,Python OOP
B38-E2,Order the code for BLOCK-38 (ENTRY):,"[""def __init__(self):"", ""self.name = name"", ""class Jenga:""]","[2, 0, 1]",ENTRY,2,FALSE,BLOCK-38,38,Python OOP
B38-M1,Order the code for BLOCK-38 (JUNIOR):,"[""def __init__(self):"", ""self.name = name"", ""class Jenga:""]","[2, 0, 1]",JUNIOR,1,TRUE,BLOCK-38,38,Python OOP
B38-M2,Order the code for BLOCK-38 (JUNIOR):,"[""def __init__(self):"", ""self.name = name"", ""class Jenga:""]","[2, 0, 1]",JUNIOR,2,TRUE,BLOCK-38,38,Python OOP
B38-S1,Order the code for BLOCK-38 (SENIOR):,"[""def __init__(self):"", ""self.name = name"", ""class Jenga:""]","[2, 0, 1]",SENIOR,1,TRUE,BLOCK-38,38,Python OOP
B38-S2,Order the code for BLOCK-38 (SENIOR):,"[""def __init__(self):"", ""self.name = name"", ""class Jenga:""]","[2, 0, 1]",SENIOR,2,TRUE,BLOCK-38,38,Python OOP
B39-E1,Order the code for BLOCK-39 (ENTRY):,"[""def __init__(self):"", ""self.name = name"", ""class Jenga:""]","[2, 0, 1]",ENTRY,1,FALSE,BLOCK-39,39,Python OOP
B39-E2,Order the code for BLOCK-39 (ENTRY):,"[""def __init__(self):"", ""self.name = name"", ""class Jenga:""]","[2, 0, 1]",ENTRY,2,FALSE,BLOCK-39,39,Python OOP
B39-M1,Order the code for BLOCK-39 (JUNIOR):,"[""def __init__(self):"", ""self.name = name"", ""class Jenga:""]","[2, 0, 1]",JUNIOR,1,TRUE,BLOCK-39,39,Python OOP
B39-M2,Order the code for BLOCK-39 (JUNIOR):,"[""def __init__(self):"", ""self.name = name"", ""class Jenga:""]","[2, 0, 1]",JUNIOR,2,TRUE,BLOCK-39,39,Python OOP
B39-S1,Order the code for BLOCK-39 (SENIOR):,"[""def __init__(self):"", ""self.name = name"", ""class Jenga:""]","[2, 0, 1]",SENIOR,1,TRUE,BLOCK-39,39,Python OOP
B39-S2,Order the code for BLOCK-39 (SENIOR):,"[""def __init__(self):"", ""self.name = name"", ""class Jenga:""]","[2, 0, 1]",SENIOR,2,TRUE,BLOCK-39,39,Python OOP
B40-E1,Order the code for BLOCK-40 (ENTRY):,"[""def __init__(self):"", ""self.name = name"", ""class Jenga:""]","[2, 0, 1]",ENTRY,1,FALSE,BLOCK-40,40,Python OOP
B40-E2,Order the code for BLOCK-40 (ENTRY):,"[""def __init__(self):"", ""self.name = name"", ""class Jenga:""]","[2, 0, 1]",ENTRY,2,FALSE,BLOCK-40,40,Python OOP
B40-M1,Order the code for BLOCK-40 (JUNIOR):,"[""def __init__(self):"", ""self.name = name"", ""class Jenga:""]","[2, 0, 1]",JUNIOR,1,TRUE,BLOCK-40,40,Python OOP
B40-M2,Order the code for BLOCK-40 (JUNIOR):,"[""def __init__(self):"", ""self.name = name"", ""class Jenga:""]","[2, 0, 1]",JUNIOR,2,TRUE,BLOCK-40,40,Python OOP
B40-S1,Order the code for BLOCK-40 (SENIOR):,"[""def __init__(self):"", ""self.name = name"", ""class Jenga:""]","[2, 0, 1]",SENIOR,1,TRUE,BLOCK-40,40,Python OOP
B40-S2,Order the code for BLOCK-40 (SENIOR):,"[""def __init__(self):"", ""self.name = name"", ""class Jenga:""]","[2, 0, 1]",SENIOR,2,TRUE,BLOCK-40,40,Python OOP
B41-E1,Order the code for BLOCK-41 (ENTRY):,"[""def __init__(self):"", ""self.name = name"", ""class Jenga:""]","[2, 0, 1]",ENTRY,1,FALSE,BLOCK-41,41,Python OOP
B41-E2,Order the code for BLOCK-41 (ENTRY):,"[""def __init__(self):"", ""self.name = name"", ""class Jenga:""]","[2, 0, 1]",ENTRY,2,FALSE,BLOCK-41,41,Python OOP
B41-M1,Order the code for BLOCK-41 (JUNIOR):,"[""def __init__(self):"", ""self.name = name"", ""class Jenga:""]","[2, 0, 1]",JUNIOR,1,TRUE,BLOCK-41,41,Python OOP
B41-M2,Order the code for BLOCK-41 (JUNIOR):,"[""def __init__(self):"", ""self.name = name"", ""class Jenga:""]","[2, 0, 1]",JUNIOR,2,TRUE,BLOCK-41,41,Python OOP
B41-S1,Order the code for BLOCK-41 (SENIOR):,"[""def __init__(self):"", ""self.name = name"", ""class Jenga:""]","[2, 0, 1]",SENIOR,1,TRUE,BLOCK-41,41,Python OOP
B41-S2,Order the code for BLOCK-41 (SENIOR):,"[""def __init__(self):"", ""self.name = name"", ""class Jenga:""]","[2, 0, 1]",SENIOR,2,TRUE,BLOCK-41,41,Python OOP
B42-E1,Order the code for BLOCK-42 (ENTRY):,"[""def __init__(self):"", ""self.name = name"", ""class Jenga:""]","[2, 0, 1]",ENTRY,1,FALSE,BLOCK-42,42,Python OOP
B42-E2,Order the code for BLOCK-42 (ENTRY):,"[""def __init__(self):"", ""self.name = name"", ""class Jenga:""]","[2, 0, 1]",ENTRY,2,FALSE,BLOCK-42,42,Python OOP
B42-M1,Order the code for BLOCK-42 (JUNIOR):,"[""def __init__(self):"", ""self.name = name"", ""class Jenga:""]","[2, 0, 1]",JUNIOR,1,TRUE,BLOCK-42,42,Python OOP
B42-M2,Order the code for BLOCK-42 (JUNIOR):,"[""def __init__(self):"", ""self.name = name"", ""class Jenga:""]","[2, 0, 1]",JUNIOR,2,TRUE,BLOCK-42,42,Python OOP
B42-S1,Order the code for BLOCK-42 (SENIOR):,"[""def __init__(self):"", ""self.name = name"", ""class Jenga:""]","[2, 0, 1]",SENIOR,1,TRUE,BLOCK-42,42,Python OOP
B42-S2,Order the code for BLOCK-42 (SENIOR):,"[""def __init__(self):"", ""self.name = name"", ""class Jenga:""]","[2, 0, 1]",SENIOR,2,TRUE,BLOCK-42,42,Python OOP
B43-E1,Order the code for BLOCK-43 (ENTRY):,"[""def __init__(self):"", ""self.name = name"", ""class Jenga:""]","[2, 0, 1]",ENTRY,1,FALSE,BLOCK-43,43,Python OOP
B43-E2,Order the code for BLOCK-43 (ENTRY):,"[""def __init__(self):"", ""self.name = name"", ""class Jenga:""]","[2, 0, 1]",ENTRY,2,FALSE,BLOCK-43,43,Python OOP
B43-M1,Order the code for BLOCK-43 (JUNIOR):,"[""def __init__(self):"", ""self.name = name"", ""class Jenga:""]","[2, 0, 1]",JUNIOR,1,TRUE,BLOCK-43,43,Python OOP
B43-M2,Order the code for BLOCK-43 (JUNIOR):,"[""def __init__(self):"", ""self.name = name"", ""class Jenga:""]","[2, 0, 1]",JUNIOR,2,TRUE,BLOCK-43,43,Python OOP
B43-S1,Order the code for BLOCK-43 (SENIOR):,"[""def __init__(self):"", ""self.name = name"", ""class Jenga:""]","[2, 0, 1]",SENIOR,1,TRUE,BLOCK-43,43,Python OOP
B43-S2,Order the code for BLOCK-43 (SENIOR):,"[""def __init__(self):"", ""self.name = name"", ""class Jenga:""]","[2, 0, 1]",SENIOR,2,TRUE,BLOCK-43,43,Python OOP
B44-E1,Order the code for BLOCK-44 (ENTRY):,"[""def __init__(self):"", ""self.name = name"", ""class Jenga:""]","[2, 0, 1]",ENTRY,1,FALSE,BLOCK-44,44,Python OOP
B44-E2,Order the code for BLOCK-44 (ENTRY):,"[""def __init__(self):"", ""self.name = name"", ""class Jenga:""]","[2, 0, 1]",ENTRY,2,FALSE,BLOCK-44,44,Python OOP
B44-M1,Order the code for BLOCK-44 (JUNIOR):,"[""def __init__(self):"", ""self.name = name"", ""class Jenga:""]","[2, 0, 1]",JUNIOR,1,TRUE,BLOCK-44,44,Python OOP
B44-M2,Order the code for BLOCK-44 (JUNIOR):,"[""def __init__(self):"", ""self.name = name"", ""class Jenga:""]","[2, 0, 1]",JUNIOR,2,TRUE,BLOCK-44,44,Python OOP
B44-S1,Order the code for BLOCK-44 (SENIOR):,"[""def __init__(self):"", ""self.name = name"", ""class Jenga:""]","[2, 0, 1]",SENIOR,1,TRUE,BLOCK-44,44,Python OOP
B44-S2,Order the code for BLOCK-44 (SENIOR):,"[""def __init__(self):"", ""self.name = name"", ""class Jenga:""]","[2, 0, 1]",SENIOR,2,TRUE,BLOCK-44,44,Python OOP
B45-E1,Order the code for BLOCK-45 (ENTRY):,"[""def __init__(self):"", ""self.name = name"", ""class Jenga:""]","[2, 0, 1]",ENTRY,1,FALSE,BLOCK-45,45,Python OOP
B45-E2,Order the code for BLOCK-45 (ENTRY):,"[""def __init__(self):"", ""self.name = name"", ""class Jenga:""]","[2, 0, 1]",ENTRY,2,FALSE,BLOCK-45,45,Python OOP
B45-M1,Order the code for BLOCK-45 (JUNIOR):,"[""def __init__(self):"", ""self.name = name"", ""class Jenga:""]","[2, 0, 1]",JUNIOR,1,TRUE,BLOCK-45,45,Python OOP
B45-M2,Order the code for BLOCK-45 (JUNIOR):,"[""def __init__(self):"", ""self.name = name"", ""class Jenga:""]","[2, 0, 1]",JUNIOR,2,TRUE,BLOCK-45,45,Python OOP
B45-S1,Order the code for BLOCK-45 (SENIOR):,"[""def __init__(self):"", ""self.name = name"", ""class Jenga:""]","[2, 0, 1]",SENIOR,1,TRUE,BLOCK-45,45,Python OOP
B45-S2,Order the code for BLOCK-45 (SENIOR):,"[""def __init__(self):"", ""self.name = name"", ""class Jenga:""]","[2, 0, 1]",SENIOR,2,TRUE,BLOCK-45,45,Python OOP
B46-E1,Order the code for BLOCK-46 (ENTRY):,"[""def __init__(self):"", ""self.name = name"", ""class Jenga:""]","[2, 0, 1]",ENTRY,1,FALSE,BLOCK-46,46,Python OOP
B46-E2,Order the code for BLOCK-46 (ENTRY):,"[""def __init__(self):"", ""self.name = name"", ""class Jenga:""]","[2, 0, 1]",ENTRY,2,FALSE,BLOCK-46,46,Python OOP
B46-M1,Order the code for BLOCK-46 (JUNIOR):,"[""def __init__(self):"", ""self.name = name"", ""class Jenga:""]","[2, 0, 1]",JUNIOR,1,TRUE,BLOCK-46,46,Python OOP
B46-M2,Order the code for BLOCK-46 (JUNIOR):,"[""def __init__(self):"", ""self.name = name"", ""class Jenga:""]","[2, 0, 1]",JUNIOR,2,TRUE,BLOCK-46,46,Python OOP
B46-S1,Order the code for BLOCK-46 (SENIOR):,"[""def __init__(self):"", ""self.name = name"", ""class Jenga:""]","[2, 0, 1]",SENIOR,1,TRUE,BLOCK-46,46,Python OOP
B46-S2,Order the code for BLOCK-46 (SENIOR):,"[""def __init__(self):"", ""self.name = name"", ""class Jenga:""]","[2, 0, 1]",SENIOR,2,TRUE,BLOCK-46,46,Python OOP
B47-E1,Order the code for BLOCK-47 (ENTRY):,"[""def __init__(self):"", ""self.name = name"", ""class Jenga:""]","[2, 0, 1]",ENTRY,1,FALSE,BLOCK-47,47,Python OOP
B47-E2,Order the code for BLOCK-47 (ENTRY):,"[""def __init__(self):"", ""self.name = name"", ""class Jenga:""]","[2, 0, 1]",ENTRY,2,FALSE,BLOCK-47,47,Python OOP
B47-M1,Order the code for BLOCK-47 (JUNIOR):,"[""def __init__(self):"", ""self.name = name"", ""class Jenga:""]","[2, 0, 1]",JUNIOR,1,TRUE,BLOCK-47,47,Python OOP
B47-M2,Order the code for BLOCK-47 (JUNIOR):,"[""def __init__(self):"", ""self.name = name"", ""class Jenga:""]","[2, 0, 1]",JUNIOR,2,TRUE,BLOCK-47,47,Python OOP
B47-S1,Order the code for BLOCK-47 (SENIOR):,"[""def __init__(self):"", ""self.name = name"", ""class Jenga:""]","[2, 0, 1]",SENIOR,1,TRUE,BLOCK-47,47,Python OOP
B47-S2,Order the code for BLOCK-47 (SENIOR):,"[""def __init__(self):"", ""self.name = name"", ""class Jenga:""]","[2, 0, 1]",SENIOR,2,TRUE,BLOCK-47,47,Python OOP
B48-E1,Order the code for BLOCK-48 (ENTRY):,"[""def __init__(self):"", ""self.name = name"", ""class Jenga:""]","[2, 0, 1]",ENTRY,1,FALSE,BLOCK-48,48,Python OOP
B48-E2,Order the code for BLOCK-48 (ENTRY):,"[""def __init__(self):"", ""self.name = name"", ""class Jenga:""]","[2, 0, 1]",ENTRY,2,FALSE,BLOCK-48,48,Python OOP
B48-M1,Order the code for BLOCK-48 (JUNIOR):,"[""def __init__(self):"", ""self.name = name"", ""class Jenga:""]","[2, 0, 1]",JUNIOR,1,TRUE,BLOCK-48,48,Python OOP
B48-M2,Order the code for BLOCK-48 (JUNIOR):,"[""def __init__(self):"", ""self.name = name"", ""class Jenga:""]","[2, 0, 1]",JUNIOR,2,TRUE,BLOCK-48,48,Python OOP
B48-S1,Order the code for BLOCK-48 (SENIOR):,"[""def __init__(self):"", ""self.name = name"", ""class Jenga:""]","[2, 0, 1]",SENIOR,1,TRUE,BLOCK-48,48,Python OOP
B48-S2,Order the code for BLOCK-48 (SENIOR):,"[""def __init__(self):"", ""self.name = name"", ""class Jenga:""]","[2, 0, 1]",SENIOR,2,TRUE,BLOCK-48,48,Python OOP
B49-E1,Order the code for BLOCK-49 (ENTRY):,"[""def __init__(self):"", ""self.name = name"", ""class Jenga:""]","[2, 0, 1]",ENTRY,1,FALSE,BLOCK-49,49,Python OOP
B49-E2,Order the code for BLOCK-49 (ENTRY):,"[""def __init__(self):"", ""self.name = name"", ""class Jenga:""]","[2, 0, 1]",ENTRY,2,FALSE,BLOCK-49,49,Python OOP
B49-M1,Order the code for BLOCK-49 (JUNIOR):,"[""def __init__(self):"", ""self.name = name"", ""class Jenga:""]","[2, 0, 1]",JUNIOR,1,TRUE,BLOCK-49,49,Python OOP
B49-M2,Order the code for BLOCK-49 (JUNIOR):,"[""def __init__(self):"", ""self.name = name"", ""class Jenga:""]","[2, 0, 1]",JUNIOR,2,TRUE,BLOCK-49,49,Python OOP
B49-S1,Order the code for BLOCK-49 (SENIOR):,"[""def __init__(self):"", ""self.name = name"", ""class Jenga:""]","[2, 0, 1]",SENIOR,1,TRUE,BLOCK-49,49,Python OOP
B49-S2,Order the code for BLOCK-49 (SENIOR):,"[""def __init__(self):"", ""self.name = name"", ""class Jenga:""]","[2, 0, 1]",SENIOR,2,TRUE,BLOCK-49,49,Python OOP
B50-E1,Order the code for BLOCK-50 (ENTRY):,"[""def __init__(self):"", ""self.name = name"", ""class Jenga:""]","[2, 0, 1]",ENTRY,1,FALSE,BLOCK-50,50,Python OOP
B50-E2,Order the code for BLOCK-50 (ENTRY):,"[""def __init__(self):"", ""self.name = name"", ""class Jenga:""]","[2, 0, 1]",ENTRY,2,FALSE,BLOCK-50,50,Python OOP
B50-M1,Order the code for BLOCK-50 (JUNIOR):,"[""def __init__(self):"", ""self.name = name"", ""class Jenga:""]","[2, 0, 1]",JUNIOR,1,TRUE,BLOCK-50,50,Python OOP
B50-M2,Order the code for BLOCK-50 (JUNIOR):,"[""def __init__(self):"", ""self.name = name"", ""class Jenga:""]","[2, 0, 1]",JUNIOR,2,TRUE,BLOCK-50,50,Python OOP
B50-S1,Order the code for BLOCK-50 (SENIOR):,"[""def __init__(self):"", ""self.name = name"", ""class Jenga:""]","[2, 0, 1]",SENIOR,1,TRUE,BLOCK-50,50,Python OOP
B50-S2,Order the code for BLOCK-50 (SENIOR):,"[""def __init__(self):"", ""self.name = name"", ""class Jenga:""]","[2, 0, 1]",SENIOR,2,TRUE,BLOCK-50,50,Python OOP
B51-E1,Order the code for BLOCK-51 (ENTRY):,"[""def __init__(self):"", ""self.name = name"", ""class Jenga:""]","[2, 0, 1]",ENTRY,1,FALSE,BLOCK-51,51,Python OOP
B51-E2,Order the code for BLOCK-51 (ENTRY):,"[""def __init__(self):"", ""self.name = name"", ""class Jenga:""]","[2, 0, 1]",ENTRY,2,FALSE,BLOCK-51,51,Python OOP
B51-M1,Order the code for BLOCK-51 (JUNIOR):,"[""def __init__(self):"", ""self.name = name"", ""class Jenga:""]","[2, 0, 1]",JUNIOR,1,TRUE,BLOCK-51,51,Python OOP
B51-M2,Order the code for BLOCK-51 (JUNIOR):,"[""def __init__(self):"", ""self.name = name"", ""class Jenga:""]","[2, 0, 1]",JUNIOR,2,TRUE,BLOCK-51,51,Python OOP
B51-S1,Order the code for BLOCK-51 (SENIOR):,"[""def __init__(self):"", ""self.name = name"", ""class Jenga:""]","[2, 0, 1]",SENIOR,1,TRUE,BLOCK-51,51,Python OOP
B51-S2,Order the code for BLOCK-51 (SENIOR):,"[""def __init__(self):"", ""self.name = name"", ""class Jenga:""]","[2, 0, 1]",SENIOR,2,TRUE,BLOCK-51,51,Python OOP
B52-E1,Order the code for BLOCK-52 (ENTRY):,"[""def __init__(self):"", ""self.name = name"", ""class Jenga:""]","[2, 0, 1]",ENTRY,1,FALSE,BLOCK-52,52,Python OOP
B52-E2,Order the code for BLOCK-52 (ENTRY):,"[""def __init__(self):"", ""self.name = name"", ""class Jenga:""]","[2, 0, 1]",ENTRY,2,FALSE,BLOCK-52,52,Python OOP
B52-M1,Order the code for BLOCK-52 (JUNIOR):,"[""def __init__(self):"", ""self.name = name"", ""class Jenga:""]","[2, 0, 1]",JUNIOR,1,TRUE,BLOCK-52,52,Python OOP
B52-M2,Order the code for BLOCK-52 (JUNIOR):,"[""def __init__(self):"", ""self.name = name"", ""class Jenga:""]","[2, 0, 1]",JUNIOR,2,TRUE,BLOCK-52,52,Python OOP
B52-S1,Order the code for BLOCK-52 (SENIOR):,"[""def __init__(self):"", ""self.name = name"", ""class Jenga:""]","[2, 0, 1]",SENIOR,1,TRUE,BLOCK-52,52,Python OOP
B52-S2,Order the code for BLOCK-52 (SENIOR):,"[""def __init__(self):"", ""self.name = name"", ""class Jenga:""]","[2, 0, 1]",SENIOR,2,TRUE,BLOCK-52,52,Python OOP
B53-E1,Order the code for BLOCK-53 (ENTRY):,"[""def __init__(self):"", ""self.name = name"", ""class Jenga:""]","[2, 0, 1]",ENTRY,1,FALSE,BLOCK-53,53,Python OOP
B53-E2,Order the code for BLOCK-53 (ENTRY):,"[""def __init__(self):"", ""self.name = name"", ""class Jenga:""]","[2, 0, 1]",ENTRY,2,FALSE,BLOCK-53,53,Python OOP
B53-M1,Order the code for BLOCK-53 (JUNIOR):,"[""def __init__(self):"", ""self.name = name"", ""class Jenga:""]","[2, 0, 1]",JUNIOR,1,TRUE,BLOCK-53,53,Python OOP
B53-M2,Order the code for BLOCK-53 (JUNIOR):,"[""def __init__(self):"", ""self.name = name"", ""class Jenga:""]","[2, 0, 1]",JUNIOR,2,TRUE,BLOCK-53,53,Python OOP
B53-S1,Order the code for BLOCK-53 (SENIOR):,"[""def __init__(self):"", ""self.name = name"", ""class Jenga:""]","[2, 0, 1]",SENIOR,1,TRUE,BLOCK-53,53,Python OOP
B53-S2,Order the code for BLOCK-53 (SENIOR):,"[""def __init__(self):"", ""self.name = name"", ""class Jenga:""]","[2, 0, 1]",SENIOR,2,TRUE,BLOCK-53,53,Python OOP
B54-E1,Order the code for BLOCK-54 (ENTRY):,"[""def __init__(self):"", ""self.name = name"", ""class Jenga:""]","[2, 0, 1]",ENTRY,1,FALSE,BLOCK-54,54,Python OOP
B54-E2,Order the code for BLOCK-54 (ENTRY):,"[""def __init__(self):"", ""self.name = name"", ""class Jenga:""]","[2, 0, 1]",ENTRY,2,FALSE,BLOCK-54,54,Python OOP
B54-M1,Order the code for BLOCK-54 (JUNIOR):,"[""def __init__(self):"", ""self.name = name"", ""class Jenga:""]","[2, 0, 1]",JUNIOR,1,TRUE,BLOCK-54,54,Python OOP
B54-M2,Order the code for BLOCK-54 (JUNIOR):,"[""def __init__(self):"", ""self.name = name"", ""class Jenga:""]","[2, 0, 1]",JUNIOR,2,TRUE,BLOCK-54,54,Python OOP
B54-S1,Order the code for BLOCK-54 (SENIOR):,"[""def __init__(self):"", ""self.name = name"", ""class Jenga:""]","[2, 0, 1]",SENIOR,1,TRUE,BLOCK-54,54,Python OOP
B54-S2,Order the code for BLOCK-54 (SENIOR):,"[""def __init__(self):"", ""self.name = name"", ""class Jenga:""]","[2, 0, 1]",SENIOR,2,TRUE,BLOCK-54,54,Python OOP
